ID,N,PF,PRF,RF,SF,SPF,SRF,SPRF
1,0.004417,0.002099,0.007013,0.003344,-0.001013,-0.002412,0.009159,-0.002226
2,0.000981,-4.17E-05,-0.004603,0.003353,0.006482,0.002159,-0.003972,-0.00108
3,0.00286,-0.000414,0.011365,-0.001473,-0.00173,0.004102,0.005297,0.001924
4,-0.001633,0.007767,-0.012012,0.00576,0.000449,0.001902,-0.01343,0.007125
5,0.002137,-0.004912,0.011192,-0.001351,-9.62E-05,0.001928,-0.004206,-0.00034
6,0.001339,0.006012,-0.004897,0.003029,0.006037,-0.001322,0.047676,-0.000401
7,0.003325,-0.002592,0.003447,-0.008029,-0.000841,0.005005,-0.015791,0.002892
8,0.001714,0.005531,0.004461,0.007267,0.002821,0.001866,0.008507,0.003481
9,0.001153,-0.000559,-0.002307,0.009322,0.000931,0.002304,-0.09614,-0.001828
10,0.001646,0.003083,0.009671,0.001776,0.002404,-0.001335,0.143085,0.001706
11,0.001463,-0.000906,-0.009818,-0.00823,0.00036,0.00114,-0.103898,0.005313
12,0.001333,0.002133,0.006871,-0.000346,0.001399,0.005058,0.086276,0.000267
13,-4.69E-05,0.003305,-0.000164,0.006181,0.000633,0.003001,-0.065323,0.002334
14,0.002995,-0.001653,0.000639,0.002095,0.003775,-0.000752,0.03138,-0.000447
15,0.003079,0.005308,0.005541,0.001548,0.000362,0.002365,0.003263,0.005662
16,0.001796,-0.000518,-0.003248,0.002838,0.003185,0.001911,-0.021654,-0.004726
17,0.000387,-0.001425,0.005804,0.00349,-0.000426,-0.000842,0.013748,0.006792
18,0.001152,0.008324,0.001665,-0.003039,0.002314,0.002576,-0.008721,0.000102
19,0.001431,-0.004282,-0.003943,0.001109,0.001084,-0.000618,0.036717,0.004927
20,0.001351,0.005403,0.007208,-0.001191,0.001634,0.009982,-0.020272,-0.006024
21,0.002664,-0.00417,-0.005554,0.002195,0.000699,-0.000327,0.004263,0.004645
22,0.001753,0.007337,0.009469,0.008105,0.003644,0.001,-0.017396,0.004762
23,0.001507,0.001845,-0.004982,0.00224,0.001968,-0.008345,0.020275,0.002726
24,0.001921,-0.002824,0.005327,0.002332,0.000449,0.00655,-0.003621,-0.00243
25,0.001657,0.004106,0.002985,-0.007881,-2.80E-05,0.004561,0.001969,0.000395
26,-5.34E-05,5.45E-05,-0.001592,0.000836,0.002801,0.00889,-0.002976,0.007518
27,0.00167,0.003692,0.00149,0.001081,0.001106,-0.002231,0.016407,0.000328
28,0.002573,0.001678,-0.000354,0.009169,0.001717,-0.001114,-0.006647,-0.000665
29,0.002175,-0.003033,0.001168,0.004074,0.003253,-0.003818,-0.005839,0.000267
30,0.001895,0.00669,0.007486,0.001528,0.000813,0.006121,-0.009444,0.004743
31,0.002056,-0.000773,-0.005802,-0.004234,-0.000498,0.000104,0.018357,0.0057
32,0.000364,0.003427,0.009747,2.20E-05,0.002291,0.006946,0.002008,-0.002961
33,-0.00018,-0.002977,-0.005808,3.56E-05,0.002399,0.000514,0.002104,-0.000847
34,0.002686,0.007325,0.006896,-0.001867,0.001116,0.006897,-0.007658,0.000609
35,0.002911,-0.004067,-0.004284,0.010638,0.001922,-0.007429,0.009067,0.007337
36,0.001843,0.007241,0.003421,0.005783,-0.000573,0.001635,0.000131,-0.002169
37,0.002024,-0.00178,0.004609,0.005148,0.007074,-0.001324,-0.001993,0.003972
38,0.000519,0.000614,-0.001836,-0.013553,-0.004904,0.005601,-0.00183,0.003262
39,0.001303,0.003357,0.003835,-0.001993,0.003676,0.010758,0.008432,0.002406
40,0.001156,0.000835,-0.000568,0.005535,0.002106,-0.002544,0.00598,-0.003728
41,0.0018,0.000565,0.0038,0.008009,0.001323,0.002052,-0.002653,-0.001664
42,0.00183,0.004193,-0.002277,0.001402,0.002482,-0.005029,-0.005023,0.007381
43,0.002768,-0.002318,0.003312,0.001132,-0.001801,0.000825,0.002187,0.005941
44,0.002167,0.005782,0.00074,0.004409,0.004093,0.005523,0.003785,0.000111
45,0.000876,-0.002186,0.001737,-0.002619,0.001009,0.002368,0.002417,-0.002541
46,-0.000127,0.004246,0.002278,0.000964,0.001701,0.004527,-0.002713,0.00022
47,0.001402,-0.001616,0.001233,-0.012016,-0.001717,0.000599,0.004295,0.003737
48,0.002488,0.003689,0.003989,0.012718,0.008136,0.002988,0.002113,-0.001279
49,0.002645,0.001085,0.000834,0.00898,-0.007259,-0.004682,-6.18E-05,0.006356
50,0.001928,0.004338,-0.005367,0.009224,0.010612,0.000942,-0.000329,0.006354
51,0.000814,-0.003272,0.006335,-0.01209,-0.005803,0.005876,0.001339,0.00191
52,0.00084,0.00412,0.001869,-0.006351,0.004197,0.00219,0.005003,-0.008968
53,0.002202,-0.000487,0.003555,0.005243,0.000215,0.003964,-0.002051,-0.001749
54,0.001621,0.004326,-0.002073,0.005152,0.005366,-0.001519,0.006391,0.009927
55,0.00056,-0.000755,0.003152,0.004799,-0.000255,0.000762,-0.00272,0.006014
56,0.001871,0.002632,0.00372,0.000188,-0.001543,0.006024,0.004821,-0.002993
57,0.004565,0.000788,-0.006128,0.006348,0.001921,-0.0015,-0.00483,-0.0014
58,-8.65E-05,0.003077,0.003438,-0.005529,0.006758,0.000703,0.003496,0.008468
59,0.000914,0.001037,0.004383,0.001736,-0.005474,-0.000303,0.002596,-0.000649
60,0.000387,-0.001069,0.004183,-0.006352,0.007505,0.008783,0.002944,-0.006246
61,0.002318,0.004081,-0.000722,0.01346,-0.002676,9.80E-05,-0.004349,0.006621
62,0.002252,0.000372,0.0002,-0.000773,0.005419,0.001949,0.003842,0.007662
63,0.002363,0.003478,-0.001476,0.00466,-0.001493,-0.004808,0.001272,0.003996
64,0.001339,0.000944,0.004717,-0.00587,0.001137,0.004644,0.00493,-0.010694
65,0.000764,0.000551,0.000127,0.005896,-0.001786,0.004129,-0.005679,0.00809
66,0.001566,0.002409,0.005399,-0.000474,0.008915,0.000864,0.003262,0.000349
67,0.002408,-0.00019,-0.000612,0.002387,-0.002131,0.001376,0.003374,0.000873
68,-0.001463,0.003424,0.001682,-0.000668,0.002529,0.000729,0.005613,0.002068
69,0.007219,-0.000542,-0.000111,0.00466,0.000801,0.005352,-0.00242,0.002601
70,-0.001953,0.003255,0.00076,0.003341,-0.001333,0.000836,-0.00276,0.005462
71,0.001458,0.0016,0.002061,0.000779,0.00584,-0.001819,0.007162,-0.004926
72,0.002743,0.000116,0.001691,-0.002881,-0.001056,0.001205,0.000825,0.004206
73,0.001596,0.004228,0.00486,-0.000845,-0.001354,0.005432,-0.000362,0.001939
74,0.001472,-0.002942,-0.000937,0.007622,0.010221,0.004541,-0.001902,0.00244
75,9.21E-05,0.005573,0.000284,0.001494,-0.008776,-0.00167,0.004935,-0.000954
76,0.003561,0.000874,0.003481,0.007427,0.009126,-0.001159,0.005618,0.004141
77,-0.000166,0.00023,-0.004999,-0.005791,-0.001525,0.003197,-0.008356,0.005088
78,0.004076,0.002454,0.009984,-0.002931,-0.003737,0.003907,0.004161,-0.000648
79,-0.002173,0.000514,-0.010513,0.000779,0.00835,0.000609,0.000954,-0.002687
80,0.004029,0.003584,0.023292,0.006623,0.001097,0.001331,0.007152,-0.001502
81,0.00394,-0.001122,-0.017383,0.006731,0.000727,-0.000287,-0.006052,0.014382
82,-0.000969,0.004377,0.013344,-0.00115,-0.003766,0.006289,0.005336,-0.009725
83,-7.22E-05,-0.003283,-0.014857,0.001733,0.007184,0.000275,-0.002401,-0.006336
84,0.001665,0.004368,0.017912,-0.003644,0.001027,0.000577,0.008305,0.036718
85,0.004993,0.002976,-0.009586,0.003735,-9.56E-05,-0.002066,-0.005733,-0.017855
86,0.000518,-0.000785,0.003305,-0.002625,-0.000557,0.005949,0.005833,0.009775
87,0.001009,0.005066,0.008114,0.009816,0.006876,0.003831,0.002084,-0.033347
88,0.001676,-0.002531,0.000401,-0.001352,-0.001671,0.001203,-0.002013,0.012853
89,0.001379,0.004713,-0.000687,0.002705,0.004004,-0.001986,0.004283,0.015505
90,0.000636,-0.001234,-0.00489,-0.00089,-0.006223,0.002481,-0.003883,0.008868
91,0.003143,0.003217,0.009896,0.003751,0.005533,0.004578,0.005355,0.012302
92,-0.000995,0.000209,-0.005092,3.30E-05,0.00991,0.001106,-0.001539,-0.018126
93,0.00625,0.003828,0.004855,-0.000748,-0.012053,-0.000923,0.006922,0.003025
94,0.000219,-0.000398,0.001912,0.003344,0.014682,0.00054,-0.005238,-0.013372
95,-0.000895,0.003533,0.003163,0.002908,-0.009703,0.007797,0.001537,0.014373
96,0.002506,-0.002172,0.002092,0.003913,0.008268,0.001235,0.003329,-0.00209
97,0.001344,0.00329,-0.004801,-0.001523,-0.004177,-0.003771,0.001581,0.019591
98,0.002045,0.002236,0.00304,0.002134,0.007139,0.00052,-0.000979,-0.004002
99,0.001885,0.001791,0.003847,-0.001374,-0.002268,0.006286,0.003096,0.002373
100,0.003854,0.00079,0.000668,0.003267,0.007165,0.005116,0.004442,-0.014406
101,-0.00179,0.000434,0.001358,0.002957,-0.005854,-0.004457,0.001192,0.009798
102,0.003398,0.004545,0.002766,0.001956,0.00609,0.003316,-0.001486,-0.007018
103,-0.00072,0.000241,0.002935,0.00151,0.001216,0.000905,-0.002756,0.014104
104,0.002206,-0.000867,-0.0049,0.001486,-0.004732,0.006411,0.007533,0.000922
105,0.003133,0.00567,0.005488,-0.001271,0.010742,-0.00291,-0.001718,0.009055
106,0.002429,-0.002989,-0.000411,0.002796,-0.004193,0.003305,0.002929,-0.005193
107,-0.000268,0.004649,0.006746,0.004035,0.006707,-7.09E-05,0.004982,-0.004251
108,0.002793,0.000442,-0.002929,0.002064,-0.007248,0.004737,-0.004347,-0.002033
109,0.000286,0.002526,-0.001858,-0.002496,0.008772,0.001194,0.003539,0.006582
110,0.002017,-4.36E-05,0.008342,0.00224,-0.001673,-0.000274,-0.007346,0.004886
111,0.00043,0.0011,-0.003841,0.001667,8.89E-05,0.000197,0.010607,0.003468
112,0.003501,0.003833,0.005387,0.003815,0.005658,0.006067,0.002513,0.001072
113,0.001908,0.002295,-0.003304,-0.000616,-0.001343,0.002934,-0.004485,0.00184
114,0.002475,-0.003339,0.008453,0.003832,0.004826,-6.83E-05,0.007506,0.00107
115,-0.000277,0.005295,-0.005592,0.001861,-0.00433,-0.0029,-0.004505,-0.006448
116,0.001063,0.000682,0.0047,0.000459,0.006304,0.003599,0.00595,0.002868
117,0.000773,0.005821,5.10E-06,-0.001852,-0.002194,0.004284,-0.005513,0.006578
118,0.004404,-0.005439,0.00147,0.002901,0.003835,0.002254,0.005623,0.007982
119,-0.000353,0.003053,0.006633,0.00203,0.001166,-0.000601,0.007645,0.000102
120,0.003925,0.003674,-0.00342,0.006868,0.00407,0.002877,-0.00616,-0.004393
121,-0.000204,0.001863,-0.000206,-0.002014,-0.001828,0.001038,0.005777,-0.000531
122,0.003005,-0.000774,0.004902,0.001615,0.00018,0.002626,-0.003545,0.004668
123,-0.000389,0.001838,-0.002924,0.000332,0.003848,-0.001189,-0.000685,0.00152
124,0.002078,0.003301,0.006758,0.000998,0.002126,0.004941,0.005639,-0.000555
125,0.000474,0.00081,-0.003963,-0.000136,0.000139,0.002238,-0.000508,0.007456
126,0.002919,0.002189,0.008098,0.001474,0.003036,0.004239,0.004451,0.005485
127,0.002984,-0.003672,-0.003813,0.007747,0.00188,-0.005352,-0.002792,-0.00254
128,0.001946,0.009164,0.004095,0.001626,-0.00055,0.002643,0.00304,-0.006866
129,0.000266,-0.002662,-0.002464,-0.000665,0.002614,0.001661,0.002978,0.003507
130,0.000293,0.001869,0.006721,-0.002557,-0.002001,0.007195,-0.001436,0.006352
131,0.00143,0.003405,-4.43E-05,0.003678,0.00569,0.000477,-0.002866,0.004295
132,0.002527,-0.000385,-0.00352,-0.000751,0.002519,0.000604,0.008768,0.001692
133,0.002371,0.00104,0.007508,0.004583,0.001337,-0.000385,0.002789,-0.000444
134,0.001689,0.002879,6.88E-05,0.003513,-0.001684,0.001671,5.10E-06,0.003749
135,0.001413,0.00207,0.002465,0.003444,0.002179,0.001224,-0.003897,-0.007699
136,0.001333,-0.002577,-0.002886,-0.001035,0.001876,0.004233,0.003102,0.006745
137,0.001042,0.007782,0.005496,-0.002943,0.002093,0.002239,0.004488,0.007619
138,0.000597,-0.003947,-0.002771,0.00286,0.003789,0.003852,0.000542,-0.003819
139,0.001586,0.006352,0.00516,0.001739,-0.003962,0.000911,-0.000487,0.003457
140,0.004554,-0.001071,-0.00244,0.005877,0.008732,-0.004301,0.001176,-0.000494
141,0.000827,-0.001973,0.006728,-0.001035,-0.004426,0.004635,0.003673,0.007173
142,0.001435,0.006717,0.002349,0.002951,0.003358,0.000677,-0.002354,-0.002698
143,0.000358,0.001612,-0.00644,0.001845,0.000626,0.006493,0.001778,-0.002033
144,0.001299,0.000499,0.008416,-0.000254,0.001155,-0.000465,0.005258,0.002748
145,0.001059,-0.001371,-0.002715,-0.001011,0.005881,0.003508,-0.000306,0.008179
146,0.002782,0.005573,0.005122,0.002389,-0.002501,-0.003556,-0.000644,0.000372
147,0.003142,-0.001382,-0.003113,0.004109,0.003152,0.00464,-0.004617,-0.00133
148,0.00161,0.002405,0.006878,0.004859,0.000987,0.00098,0.017661,0.000831
149,-0.000776,0.002254,-0.002713,-0.002207,7.46E-05,0.002569,-0.02004,0.005382
150,0.00185,0.001133,0.003517,0.002951,0.003116,0.001632,0.031761,-0.001608
151,0.001998,0.000657,-0.001045,-0.0012,0.00102,0.002027,-0.020266,-0.000105
152,0.001946,0.006461,0.002802,0.002596,0.003147,0.002301,-0.00264,0.002217
153,0.001863,-0.00734,0.00296,-0.001713,-0.001126,0.003322,0.011341,0.008698
154,0.001393,0.007129,-0.002586,0.005945,0.005531,-0.002473,-0.009658,0.001116
155,0.002153,-0.001265,0.004439,0.004524,-0.002253,0.001216,0.013817,-0.004658
156,0.001587,0.00614,0.00274,-0.000364,0.000829,0.003386,-0.009052,0.000219
157,0.000755,-0.000969,0.000408,0.001285,0.001387,0.002927,0.022673,0.005406
158,0.000397,0.001732,0.000201,-0.000613,0.006261,0.003114,-0.01808,0.002418
159,0.003171,-0.001559,0.002197,0.000687,0.001997,-0.000337,0.002152,-8.52E-05
160,0.002178,0.004813,0.000948,-0.000241,-0.002463,0.000944,-0.008112,0.004274
161,0.00211,0.001287,0.00068,0.006457,-4.10E-05,0.003279,0.017176,0.00224
162,-0.001024,-0.000604,0.002643,0.006407,0.005244,-0.000929,-0.000754,-0.000774
163,0.003274,0.003034,0.0034,-0.003708,-4.82E-05,-0.00017,0.002865,-5.60E-05
164,0.000625,0.004185,0.002723,0.000971,0.002265,0.007604,-0.002798,0.002643
165,0.003199,-0.002319,-0.006408,-0.000657,0.001998,0.003052,0.004237,0.003524
166,-0.000633,0.002817,0.007923,0.00366,0.005223,0.001596,-0.00357,0.001788
167,0.003815,-0.001313,-0.005744,-0.000528,-0.005126,-0.006666,0.00173,0.00233
168,0.000438,0.005956,0.013218,0.003207,0.002769,0.002389,0.00074,0.002952
169,0.00213,-0.000216,-0.010463,0.007486,0.000644,0.004906,0.006537,-0.002142
170,0.000266,0.002529,0.011191,-0.00364,0.004945,0.008038,0.000239,-0.000163
171,0.003453,-4.64E-06,-0.005623,0.002048,0.003023,-0.002057,0.002215,0.00371
172,-8.32E-05,0.003201,0.009039,0.000767,-0.001002,-0.000497,-0.002711,0.005706
173,0.002979,-0.003104,-0.00895,0.002371,0.002466,0.001732,0.002415,0.000581
174,-0.000697,0.008195,0.008938,0.000499,-0.003163,0.001277,-0.001939,-0.008797
175,0.004523,-0.004902,-0.000807,0.000497,0.006248,0.004157,0.004031,0.019744
176,0.000662,0.006112,0.003946,0.006342,-0.001771,-0.003,0.001815,-0.01315
177,0.000184,-0.000366,-0.000561,0.000979,0.008984,0.00644,0.00429,0.019342
178,0.002679,0.003901,-0.000123,-3.45E-05,-0.006996,0.00515,-0.000451,-0.033915
179,0.00182,-0.003262,0.003847,0.00104,0.006458,-0.00577,-0.00305,0.03526
180,0.002443,0.006702,-0.000587,0.000152,0.000473,0.009402,0.004858,-0.008074
181,-0.001042,-0.004376,0.002806,0.002222,0.000103,-0.015802,0.003368,0.014154
182,0.002478,0.008025,-0.001315,0.000637,0.002125,0.013622,-0.003734,-0.025011
183,0.002004,-0.002027,0.006669,0.007868,-0.00072,0.01591,0.00251,0.009302
184,0.004514,0.003991,-0.00044,-0.00406,0.008707,-0.013147,0.000484,0.00646
185,-0.002279,-0.002839,0.001239,0.005049,-0.003416,0.006441,0.010982,0.002352
186,0.002903,0.005081,-0.000242,-0.00161,0.001928,-0.020664,-0.006019,0.003631
187,0.000405,0.002851,0.001151,0.001633,-0.000246,0.028457,-0.002299,-7.45E-07
188,0.003261,-0.005262,0.00341,0.00193,0.006263,-0.00762,0.001522,0.006342
189,0.000466,0.010176,0.000314,0.003835,-0.004347,0.009348,0.005508,-0.006685
190,0.0022,-0.006832,0.001998,0.002276,0.006937,-0.009547,0.000388,0.004615
191,0.00142,0.006859,0.001909,0.001153,-0.001947,0.007586,-0.001745,-0.002059
192,0.002449,0.00146,0.001146,-0.003122,0.008066,0.005456,0.00533,0.010478
193,0.001226,-0.000978,0.002299,0.003564,-0.00643,-0.007585,0.003159,-0.003634
194,-0.000145,0.002532,-0.001452,0.003359,0.007019,0.002323,-0.002441,0.009439
195,0.002592,0.004216,0.007037,0.001427,-0.003043,0.008458,-0.002638,-0.005658
196,0.002056,-0.004349,-0.004113,0.000117,0.001206,-0.000577,0.00203,0.003092
197,0.001229,0.007306,0.005381,0.004995,0.007951,0.011096,0.008223,-0.00721
198,0.002332,-0.001525,-0.00082,-0.00162,-0.000737,-0.014844,0.000143,0.009806
199,0.001271,-0.000284,-0.000939,0.001862,0.003814,0.00712,0.000654,0.001167
200,0.001703,0.008184,0.00652,-0.000718,-0.006779,-0.000164,-5.86E-05,0.004469
201,-0.000383,-0.004603,-0.005481,0.005125,0.007536,0.00956,0.00092,-0.001374
202,0.003376,0.001919,0.012163,-0.000537,-0.000832,-0.003102,-0.000213,0.003071
203,0.00163,0.004544,-0.007466,0.006835,0.00633,0.001098,-0.000353,0.000935
204,0.00148,-0.003321,0.007538,-0.005081,-0.009528,0.004307,0.003589,-0.000955
205,0.001442,0.008294,-0.003474,0.009639,0.019752,0.003805,0.009353,0.000901
206,0.00156,-0.003292,0.00265,-0.008552,-0.014186,-0.004356,-0.004716,0.007596
207,0.002415,0.000495,0.00144,0.008972,0.010914,-0.001022,-0.000822,0.003057
208,0.000805,0.009529,0.001681,-0.006923,-0.007861,0.005401,-0.002257,0.001111
209,-0.000294,-0.010126,0.003038,0.012205,0.00782,0.008914,0.006917,-0.001269
210,0.003418,0.012701,0.004765,-0.007531,0.004054,0.000104,0.000226,0.000601
211,0.002262,-0.007737,-0.00658,0.011803,-0.004423,-0.005792,4.54E-05,-0.00032
212,0.002388,0.008894,0.007156,-0.006321,0.007136,0.006567,0.000875,0.003172
213,-0.000683,-0.007908,-0.006393,0.004139,-0.00521,-0.001226,0.012777,0.004076
214,0.002683,0.014255,0.0112,-0.00259,0.009415,0.004486,-0.007927,0.003688
215,0.00026,-0.009435,-0.003604,0.004716,-0.006227,-0.001908,-0.001345,-0.00197
216,0.002493,0.007191,0.004877,0.00011,0.007716,0.00456,-0.003439,-0.000331
217,0.00112,-0.001041,-0.000979,0.006739,-0.003634,0.006728,0.011385,0.002577
218,0.002598,0.002321,0.000526,-0.003262,0.006321,-0.00082,-0.000858,0.004636
219,0.001922,0.00124,-0.000694,0.005952,-0.001556,-0.001372,0.000765,-0.000628
220,0.001547,0.004854,0.002581,-0.006034,0.004278,-0.007145,0.001642,0.002499
221,-0.000187,-0.007112,0.006466,0.007026,-0.002501,0.013702,0.004247,0.003942
222,0.002789,0.012479,-0.003955,-0.003306,0.004079,0.000909,-0.002306,0.002695
223,-0.000349,-0.005339,0.008967,0.00905,0.002262,0.003163,-0.004757,-0.003835
224,0.002732,0.004938,-0.010519,-0.002264,0.001958,0.000436,0.005295,0.002975
225,0.003081,-0.00431,0.013498,0.001774,-0.001493,-0.005101,0.002894,0.004146
226,0.002438,0.009059,-0.009093,-0.000114,0.002905,0.008385,0.006717,0.003909
227,0.000156,-0.005856,0.00816,0.001544,0.003928,-0.002306,-0.00343,-0.002662
228,-0.000339,0.009598,0.00109,0.003314,0.00051,0.005389,0.003544,0.001355
229,0.002262,-0.006465,0.001094,0.00088,-0.001541,0.000143,-0.003829,0.002914
230,0.001862,0.005403,0.002054,0.002086,0.005839,0.007541,0.000841,0.001907
231,0.002698,0.002325,-0.003083,0.002067,-0.000378,-0.003755,0.002773,8.11E-05
232,0.000998,-0.000278,0.004737,-0.000337,0.002316,-0.000192,0.005187,0.001611
233,0.001766,0.002933,0.000687,0.002471,-0.000848,-0.000158,0.002272,0.002724
234,0.002992,-0.001083,0.002657,-0.000958,0.004898,0.002744,-0.001221,0.004061
235,-0.000146,0.003236,-6.05E-05,0.005425,-0.001305,0.011699,0.000305,0.001774
236,0.001046,0.001906,0.002646,-0.000134,0.003156,-0.005483,-0.000265,-0.000471
237,0.000641,0.00305,0.003565,0.002864,0.002798,0.003145,0.002701,0.000318
238,0.003766,-0.001845,-0.001156,-0.001499,-0.001621,-0.002846,0.000551,0.002282
239,0.001789,0.002859,0.000603,0.004061,0.003309,0.005119,0.001611,0.005032
240,0.002341,0.002497,0.001776,-0.000673,-0.000936,0.002544,0.002521,0.001752
241,0.00062,-0.00111,0.004117,0.0042,0.00544,-0.0014,0.006937,0.001583
242,0.001654,0.005536,0.000178,0.000287,-1.39E-06,0.004122,-0.010607,-0.000426
243,-0.000876,-0.003476,0.00132,0.001883,0.001871,0.002054,0.004172,0.002846
244,0.002858,0.006388,-0.000283,-0.001521,-0.000197,0.007184,0.007938,-0.000383
245,0.002582,0.000193,0.008967,0.004074,0.001736,-0.007128,0.004285,0.000971
246,0.002477,0.00051,-0.009639,0.001331,0.004909,0.003055,0.010177,0.002146
247,0.001392,0.000586,0.000684,0.004458,-0.005118,0.001125,-0.047552,0.00446
248,0.000395,0.00143,0.009357,6.36E-05,0.007896,0.006878,0.047502,0.00424
249,0.001857,0.004187,-0.002764,0.000701,-0.000629,0.00183,-0.00881,-0.00283
250,0.001146,0.001876,0.010681,-0.001319,0.003234,-0.003,0.02721,-0.000594
251,0.001368,0.000336,-0.011867,0.002373,-0.002853,0.002977,-0.064847,0.002189
252,0.001631,-0.00142,0.015115,0.003965,0.004654,0.000777,0.056699,0.005251
253,0.003217,0.004121,-0.009152,0.000366,-0.001367,0.005628,-0.031522,0.002617
254,0.002161,0.001466,-0.001047,0.001254,0.006178,-0.002269,0.042529,0.001148
255,0.000959,0.002198,0.003567,0.005583,-0.001339,9.41E-05,-0.046952,0.001872
256,-0.000589,0.000944,0.003021,-6.50E-05,0.001567,0.005164,0.025968,0.000771
257,0.001379,0.000951,0.012018,0.003383,0.004133,0.007357,-0.000264,0.001648
258,0.002232,0.003455,-0.010359,-0.010816,-0.001928,-0.00486,0.011641,-0.001274
259,0.003286,-0.00127,0.004379,0.009002,0.003362,0.00036,-0.018509,0.001931
260,0.0021,0.001913,0.005716,0.001081,-0.00127,-0.00011,0.007971,0.004022
261,0.000814,0.000616,-0.010926,0.010662,0.004185,0.009054,0.006273,0.006189
262,0.001361,0.005965,0.014398,-0.004808,0.002461,-0.001607,0.006352,-0.001054
263,8.95E-05,-0.000628,-0.014853,0.002471,0.002236,0.003222,-0.009589,-0.003991
264,0.00166,0.000564,0.020399,-0.00292,-0.000918,-0.00266,-0.002162,0.001678
265,0.002189,0.000229,-0.005878,0.001919,0.000476,0.007387,0.012738,0.005466
266,0.002743,0.003315,0.001352,1.42E-05,0.00337,0.000174,-0.001067,0.002735
267,0.002196,0.00195,0.002706,0.005169,0.000448,-0.001884,-0.001321,0.0035
268,0.000432,0.000444,-0.00032,0.001671,0.002653,0.001972,-0.007529,-0.000187
269,0.001258,0.001796,0.004409,0.008018,0.001326,0.004802,0.012813,0.001354
270,0.001151,0.001816,-0.012374,-0.003706,0.002966,0.003899,0.001165,-0.002664
271,0.000866,0.001764,0.017995,-0.001832,0.001263,-0.004229,-0.001277,0.006997
272,0.003086,0.000291,-0.00272,-0.002554,-0.00181,0.001827,-0.005615,0.00114
273,0.002402,0.001869,0.003905,0.005746,0.00151,0.010331,0.006724,0.004151
274,0.00178,0.001302,-0.005907,0.006482,0.001871,0.002146,0.00761,0.002242
275,0.000625,0.002428,0.005876,0.000142,0.005255,-0.003043,-0.001402,-0.004834
276,-0.000428,0.001478,0.001444,0.001221,-4.82E-05,-0.010885,-0.004469,0.000138
277,0.002937,0.000968,-0.004082,0.000445,0.001068,0.009004,0.006956,0.004012
278,0.002433,0.00212,0.002718,0.00096,-0.001261,0.009431,-0.000511,0.004946
279,0.001263,0.000717,0.007304,-0.002268,0.004588,0.006402,0.004287,0.001524
280,0.001569,0.00215,0.004334,0.003045,-0.000413,-0.007729,-0.004249,0.000921
281,0.002534,0.000816,-0.005648,0.004377,0.001987,-0.001088,0.004944,0.00443
282,-0.000821,0.001818,-0.000142,0.002296,0.001895,0.002272,0.00082,-0.002186
283,0.004934,0.000257,0.008564,0.0041,0.003176,0.014173,0.000229,-0.000654
284,-0.001903,0.003545,-0.005418,-0.00227,0.001155,-0.008761,-0.000583,0.003109
285,0.002836,0.001602,0.003212,-0.001148,-0.001208,-0.002488,0.001605,0.004795
286,0.001943,1.48E-05,0.001213,0.001876,0.000971,0.007015,0.002996,0.002477
287,0.002767,0.002647,0.003493,0.000236,0.003319,0.005009,-0.000725,0.000857
288,0.00089,-0.000133,0.001046,0.00621,0.003599,0.002962,0.005279,0.003253
289,0.000158,0.004142,0.002947,0.003266,0.001123,-0.00509,-0.001519,9.54E-05
290,0.002372,-0.000665,-0.003689,0.003266,-0.00212,0.004572,0.000118,-0.002384
291,0.001426,0.002529,0.008389,-0.003313,0.005571,0.000866,0.006919,0.000631
292,0.00304,0.000419,-0.008026,-0.001041,-0.002557,0.006789,-0.004488,0.005497
293,0.001624,0.004078,0.006823,-0.000432,0.002703,-0.004541,0.005198,0.004381
294,-0.002505,-0.000591,0.004161,0.004208,0.001686,0.002041,-0.003092,-2.09E-05
295,0.00695,0.002643,0.001194,0.005514,0.00561,0.001956,0.007975,0.001111
296,-0.00047,-0.001054,-0.000338,-0.000356,-0.002102,0.007213,-0.003789,3.89E-05
297,0.000896,0.003384,0.0005,0.004039,0.002922,-0.000922,0.003168,0.00159
298,0.002416,-4.75E-05,0.002769,0.000284,-0.002324,-0.00138,-0.000333,0.001576
299,0.00107,0.004937,-0.002919,-0.001273,0.004371,0.000809,0.002304,0.003617
300,0.002402,-0.000202,0.006459,-0.000329,0.000943,0.007026,-0.000928,0.003145
301,-0.000224,0.000544,-0.001534,-0.003187,-0.000408,-5.53E-05,0.002929,0.002616
302,0.004043,0.003379,0.005638,0.011926,0.010342,0.00074,0.000217,0.000438
303,-0.000916,0.00028,0.000508,0.002405,-0.008038,0.001031,0.002078,-0.000596
304,0.003904,0.001921,-0.002877,0.000972,0.006095,0.003658,0.001586,0.000375
305,0.000179,0.000539,0.004759,-0.003508,-0.002931,0.003963,0.001984,0.002792
306,0.004483,0.002831,-0.001671,0.003651,0.005735,-0.002284,0.000775,0.004871
307,-0.004366,-0.000187,0.005694,0.000644,-0.001814,-0.001934,0.00059,0.001646
308,0.006617,0.004963,-0.002588,-0.001474,0.003953,0.006655,0.004893,-0.001808
309,-5.40E-05,-0.001535,0.005649,0.001336,0.000615,0.007306,-0.000778,0.002167
310,0.001696,0.000131,-0.000761,0.005316,0.002921,-0.002551,-0.000546,0.003542
311,0.002202,0.004621,0.000703,0.006955,-0.00173,-0.003183,0.005425,-0.000995
312,0.000898,0.000196,0.003518,-0.000175,0.00016,2.91E-05,-0.006298,0.001374
313,0.00246,0.003505,-0.002743,-0.004508,0.006277,0.010284,0.01298,0.001993
314,-0.000394,-0.002753,0.006704,0.000167,0.000672,0.001715,-0.006015,0.008536
315,0.003856,0.004878,-0.003749,-0.00179,0.00349,-0.002581,-0.001652,-0.001604
316,-0.000917,0.002058,0.001967,0.010947,-0.005901,0.000409,0.003275,-0.002722
317,0.004639,0.000839,0.006483,-0.000537,0.007604,0.004401,0.003127,0.001952
318,-0.001224,-0.001942,-0.00488,0.005952,-0.001378,0.002386,0.002609,0.005041
319,0.004057,0.005275,0.007701,-0.004843,0.003685,-0.000119,-0.003752,0.003676
320,0.001911,0.000421,-0.005293,0.00263,-0.001391,0.001836,0.005372,-0.003098
321,-0.000985,0.002352,0.007268,-0.002413,0.007152,0.001718,-0.000635,0.003083
322,0.002315,0.000783,-0.004519,0.005313,-0.003849,0.006124,0.004506,0.002998
323,0.001007,0.000476,0.004456,0.000198,0.003607,-0.001521,-0.001948,0.002984
324,0.004734,0.003428,0.00621,0.00554,-0.001631,-0.000224,0.000205,-0.003231
325,-0.000714,0.001113,-0.006625,0.000429,0.002859,0.004458,0.00443,0.001378
326,0.002926,-0.000425,0.011398,-0.001111,0.00262,-2.54E-05,0.004507,0.00579
327,-0.000316,0.003861,-0.011189,0.002322,0.001233,0.002814,-0.001605,0.001935
328,0.002621,-0.000134,0.008481,0.000143,0.004556,0.000397,-0.001469,0.000225
329,0.00066,0.002464,0.001363,0.001525,-0.002995,0.00269,0.002218,-0.001033
330,0.000912,0.002723,-0.000527,0.002853,0.00332,0.00127,0.001114,0.006566
331,0.004117,0.00172,0.00672,0.002664,-0.002027,0.00259,0.000901,-0.001604
332,0.001858,-0.003737,-0.00594,0.002049,0.005629,0.001163,0.003785,0.00252
333,0.001046,0.006469,0.009591,0.000153,0.003088,0.001059,0.000113,0.00348
334,2.33E-05,-0.000123,-0.009607,-0.000653,-0.004306,0.000401,0.001277,0.001352
335,0.000837,0.004006,0.010748,0.000795,0.00917,0.008081,-0.000672,-0.00063
336,0.002625,-0.003676,-0.004323,0.002751,-0.004962,0.000675,-0.001909,0.002412
337,0.001763,0.005353,0.006366,0.002522,0.003572,-0.003014,0.011561,0.003652
338,0.003715,0.002361,0.005295,0.006043,-0.001762,-0.002027,-0.004852,-0.001277
339,0.000605,0.000855,-0.012157,-0.001513,0.004348,0.006575,0.001563,4.34E-05
340,0.001921,-0.002986,0.014588,8.04E-05,0.002537,0.00592,0.00231,0.008635
341,-0.002537,0.003416,-0.009821,-0.001866,0.001621,0.000698,0.005805,-0.000379
342,0.004251,0.007499,0.008223,0.00279,-0.003026,-0.001081,-0.004259,-0.00429
343,0.001281,-0.003971,0.000887,0.00273,0.007124,4.60E-05,-0.002284,0.002497
344,0.003575,0.002958,0.000795,0.005854,-0.004371,0.003175,0.006001,0.007328
345,0.000554,-0.000365,0.004775,0.000202,0.005591,-0.000956,-0.000537,0.00099
346,0.00216,0.004565,-0.006046,0.001053,-0.0008,0.00657,0.007995,0.000221
347,0.000948,-0.001019,0.008434,-0.001832,0.005169,-0.000266,-0.004958,0.001387
348,0.0009,0.002641,-0.005481,0.000638,-0.002229,0.006236,0.007023,0.002328
349,0.000676,-0.000507,0.005184,0.002037,0.00468,-0.003763,-0.009917,0.00286
350,0.002375,0.005612,0.003998,0.004726,-0.001728,0.002909,0.007512,-0.002123
351,0.002575,-0.001452,-0.006556,0.00117,0.003468,-0.002049,-0.002877,0.004452
352,0.003146,0.001775,0.013348,0.001667,-0.001753,0.005104,0.009103,-0.000505
353,0.000766,0.004998,-0.008804,0.00115,0.006076,0.004138,-0.00519,0.00574
354,6.29E-05,-0.006745,0.007887,0.001105,0.001383,0.002348,0.007298,-0.000788
355,0.001068,0.010162,-0.005126,0.002489,-0.002444,-0.000135,2.20E-05,0.0017
356,0.001685,-0.001578,0.004909,-0.00356,0.003828,-0.002898,0.003686,0.000358
357,0.003103,0.00321,-0.000337,0.005329,-0.000237,0.006098,-0.009637,0.003956
358,0.001128,-0.002425,0.001934,0.001674,0.003553,0.002607,0.003431,-0.001009
359,0.002806,0.002419,0.006559,0.004356,-1.76E-05,-0.000772,0.00953,0.002268
360,0.000615,0.004215,-0.005166,-0.001297,0.002477,0.002517,0.004619,0.005016
361,0.001826,0.000753,0.009947,0.001857,0.001307,-0.000826,-0.006574,0.000775
362,0.000212,-0.000804,-0.009776,0.001218,0.00232,0.008402,-0.002566,-0.00242
363,0.001051,0.002771,0.005483,-0.000233,-0.000292,-0.003731,0.004437,0.003465
364,0.003276,0.003356,0.005469,0.000263,0.000495,0.002525,0.005755,0.003811
365,0.002758,0.001511,-0.006,0.003751,0.003579,-0.000406,-0.00342,-0.000416
366,0.001213,-0.002976,0.015032,0.004852,0.001661,0.006324,-0.001026,0.00067
367,0.001521,0.004176,-0.014438,0.002119,0.003096,-0.000408,0.004417,0.006186
368,0.000228,0.002532,0.015883,-0.001654,-0.00211,0.004884,0.006654,0.00228
369,0.000825,0.002389,-0.014002,-0.000196,0.001122,-0.005708,-0.00418,-0.003263
370,0.00147,-0.001957,0.012941,0.000444,0.004342,0.007008,-3.39E-05,-0.000586
371,0.004286,0.005935,-0.005747,0.005703,-0.001185,0.002275,0.003399,0.005357
372,0.002018,-0.005106,0.006535,0.001828,0.002934,-0.000334,0.002576,0.003979
373,0.000447,0.009589,0.000894,0.000357,0.002311,0.000982,-9.43E-05,0.000295
374,0.000527,-0.006417,-0.002048,0.000912,-0.000224,0.002441,-0.000177,-0.001766
375,0.001693,0.007006,0.011008,0.002501,0.004824,0.006241,0.00391,0.003008
376,0.00043,-0.000565,-0.011691,0.00215,-0.003661,-0.002291,0.003231,0.003939
377,0.005642,0.001633,0.01083,-0.000788,0.002913,-0.002627,-0.000326,0.00034
378,-0.002931,0.003263,-0.006581,-0.004306,0.000704,0.002408,-0.002807,0.001002
379,0.004921,-0.001955,0.009793,0.009657,0.007925,0.010235,0.003025,0.003959
380,0.00064,0.004516,-0.004121,0.00435,-0.002214,-0.002794,0.002752,0.003186
381,0.00284,-0.001821,0.00486,0.001205,0.000123,0.0008,0.000248,-0.001078
382,-0.000927,0.005727,0.001718,-0.004551,0.000749,-0.000205,0.000444,-0.001528
383,0.001463,0.000489,-0.000436,0.002026,-0.003844,0.004548,0.001915,0.005049
384,0.002079,-0.000826,-0.001179,0.001873,0.014441,0.001841,0.004673,0.00162
385,0.00317,0.005032,0.002369,0.002494,-0.007102,0.00175,0.000298,0.002458
386,0.001526,-0.000813,0.001893,0.002164,0.004405,-0.00244,-0.016949,0.000134
387,0.000676,0.002237,0.003203,0.005646,0.002024,0.007418,0.032668,0.004673
388,0.001531,0.001113,0.000654,0.000765,0.001334,0.000725,-0.018975,-0.001774
389,0.001698,0.001272,0.003095,-0.002167,-0.004719,0.001896,0.028943,0.000828
390,0.00234,0.003036,-0.000543,-0.001588,0.00524,-0.000588,-0.03575,0.0033
391,-0.000526,-0.002713,0.001899,-0.002106,0.006042,-0.002014,-0.002035,0.003262
392,0.00267,0.007994,0.001264,0.01256,-0.003367,0.008458,0.023444,0.001098
393,0.004932,-0.006216,-0.001283,0.003665,0.0093,0.000236,0.01361,-0.001136
394,-0.00216,0.008675,0.006334,-0.004027,-0.012242,-0.000322,0.007207,0.005339
395,0.002742,3.82E-05,-0.001065,-0.001017,0.012971,-0.000168,-0.038055,0.002269
396,0.000858,0.000444,0.003734,0.001105,-0.002963,0.005595,-0.004457,-0.001514
397,0.002162,0.00192,-0.001132,0.005546,-0.001921,0.004001,0.022193,-0.001014
398,0.000141,-0.001123,0.001471,-0.003405,0.008281,-0.002242,0.006937,0.006693
399,0.005162,0.005794,0.002251,0.006478,-0.00179,-0.001141,0.008751,0.004612
400,-0.002424,-0.003608,-0.001237,0.003002,0.00316,0.003978,-0.008928,-0.006343
401,0.005209,0.006413,0.00463,0.00268,5.51E-05,0.006513,0.013355,0.007645
402,0.000221,-0.0038,0.001726,-0.003638,0.000838,0.00157,-0.020854,-0.001078
403,-0.000394,0.008891,0.004937,0.001571,0.001682,-0.00512,-0.000116,0.005316
404,0.004078,-0.002119,-0.004003,0.001611,-0.000552,0.004494,-0.000807,-0.003085
405,0.000235,-0.000193,0.001532,-0.001518,0.008835,0.005079,0.022083,0.001488
406,0.002438,0.00496,0.003383,0.008315,-0.005811,0.001155,0.00231,0.000844
407,0.000621,-0.002583,-0.004239,0.00314,0.004336,-0.00082,-0.000131,0.005235
408,0.003504,0.007612,0.009185,-0.000315,0.003626,-0.003189,-0.005648,0.006367
409,0.000729,-0.004457,-0.004508,-0.003596,-0.005757,0.007724,-0.001377,-0.003537
410,0.000968,0.006913,0.010427,0.000521,0.010071,0.004129,-0.007129,-0.000311
411,-0.000623,-0.003969,-0.006712,0.00441,-0.004516,0.002901,0.005105,-7.93E-05
412,0.007262,0.005843,0.003325,0.003188,0.005281,-0.009032,0.008642,0.008854
413,-0.003288,-0.002034,0.001302,0.001452,-0.001359,0.00845,0.009854,-0.002094
414,0.00427,0.003378,-8.54E-06,0.005277,0.004669,0.002524,-0.006,0.003209
415,-0.000873,0.00134,0.00334,-0.003068,-0.002579,0.003862,0.000223,-0.000155
416,0.003698,-0.000117,0.000833,0.003738,0.003645,-0.004447,-0.00444,0.004932
417,0.002108,0.002827,0.003808,-0.005012,0.001815,0.003971,0.000941,-0.004355
418,0.000514,0.002041,-6.50E-05,0.002104,0.002304,0.003048,9.34E-05,0.008794
419,0.00019,0.001634,-0.000901,0.00663,0.001276,0.006156,0.010053,-0.00809
420,0.002603,-0.000854,0.002228,0.006559,-0.002468,-0.003075,0.003802,0.00986
421,0.002493,0.003092,0.001713,0.00337,0.007763,-0.003023,0.00342,-0.001582
422,0.00207,0.002509,0.003666,-0.011767,-0.002397,0.005614,-0.007627,0.007408
423,-0.001634,0.002758,-0.00087,0.001999,0.003937,0.006518,-0.002196,-0.00257
424,0.006392,-0.002125,0.001726,0.002858,-0.002162,-0.000809,0.001715,0.000293
425,-0.001072,0.002869,0.001202,0.009719,0.007679,-0.002288,0.006323,0.002609
426,-0.000398,0.001541,0.001244,-0.002169,-0.00393,0.001473,0.002106,0.002716
427,0.004289,0.002995,0.000259,0.002718,0.002617,0.007999,0.00254,0.002484
428,0.000155,-0.001495,0.003427,0.001157,0.003113,0.001145,-3.06E-05,-0.002347
429,0.004586,0.004532,0.003819,0.001128,-0.000389,-0.00398,-0.000854,0.008888
430,-0.001808,-0.001391,-0.002621,-0.000741,0.002247,0.000907,-0.000995,-0.004572
431,0.003464,0.004447,0.002023,-0.001381,0.003928,0.007723,-0.001444,0.003714
432,0.001912,-0.001095,0.00068,0.003282,-0.000902,0.001182,0.00556,-0.001847
433,-0.000705,0.002836,0.004684,0.006765,0.001384,0.000411,0.007045,0.00344
434,0.00256,0.001585,-0.001637,0.0056,-0.000817,0.001192,-0.001361,0.007059
435,0.000683,0.002656,0.003839,-0.00028,0.007589,0.002325,-0.001781,-0.000349
436,0.006218,0.000557,0.000151,-0.006033,-0.003734,0.001698,0.001789,0.00113
437,-0.001172,0.002015,0.000957,-0.000315,0.004423,0.000396,0.003988,-0.004519
438,0.000236,-0.000438,0.000815,0.000979,0.001513,0.003389,-0.004,0.004483
439,0.001633,0.00288,0.001437,0.006018,0.001211,0.001511,0.00165,0.005023
440,0.001817,0.003099,0.005845,0.006381,0.000145,0.003876,0.006889,0.006791
441,0.003057,-4.23E-05,-0.004818,0.003372,0.003539,-0.000493,0.004015,-0.009349
442,-0.001126,0.00095,0.001597,-0.000919,-0.004834,0.00091,-0.00221,0.009313
443,0.005768,0.001946,0.008109,-0.004531,0.012984,-0.00178,-0.00848,-0.00149
444,-0.000838,0.001404,-0.00669,-0.000607,-0.008354,0.00422,0.007083,0.002579
445,0.002491,0.003262,0.010186,0.001804,0.009074,0.007582,0.005735,-0.004445
446,-6.96E-05,-0.001282,-0.012018,0.007248,-0.006006,0.001976,7.39E-05,0.007099
447,-0.000616,0.001843,0.022693,0.006043,0.007152,-0.002612,-0.004171,0.003787
448,0.005729,0.002346,-0.021144,0.001272,-0.005522,-0.003474,0.005918,0.004649
449,0.002273,0.001999,0.018164,-0.004608,0.011302,0.007524,0.005016,-0.005229
450,0.000176,0.001867,-0.006167,0.000516,-0.005143,0.002132,-0.001951,0.003018
451,0.001808,-0.00088,-0.009337,0.000658,0.004721,0.000381,-0.009881,-0.00394
452,-2.87E-05,0.004458,0.017175,0.005531,0.000798,0.002288,0.013898,0.006093
453,0.002767,-0.002649,-0.003372,-0.000145,-0.000147,0.005839,0.000931,0.011962
454,-0.001029,0.005179,0.012949,0.004503,0.003777,0.002027,0.006693,-0.005099
455,0.005903,0.002301,-0.019741,-0.000954,-0.002723,-0.009172,-0.013665,0.000985
456,-0.000509,-0.003603,0.010192,0.005636,0.008067,0.004165,0.008368,-0.004417
457,0.004305,0.006785,0.003163,-0.003187,-0.002099,0.005575,0.004556,0.010077
458,-0.002719,-0.001569,-0.002911,0.001141,0.005968,0.008214,-0.004736,-0.0013
459,0.003164,0.004045,0.006453,-0.001393,-0.00945,-0.001955,0.002428,0.001216
460,0.002829,-0.001591,0.000916,0.00667,0.014288,-0.003571,0.002263,0.000245
461,-0.000839,0.002632,0.005704,0.004921,-0.010283,0.002606,0.008509,0.007386
462,0.002051,0.001892,-0.00914,0.000864,0.015277,0.002674,-0.007397,0.000232
463,0.00276,0.004594,0.009236,-0.003406,-0.011345,0.004485,-0.000957,-0.004556
464,0.003484,-0.003652,-0.007268,-0.000975,0.008428,-0.001251,0.003407,0.001381
465,-7.28E-05,0.00425,0.015742,0.00328,0.002693,0.004185,0.005273,0.006796
466,7.72E-05,0.003209,-0.016256,0.004301,-0.004442,0.000436,0.001115,0.003121
467,0.001166,-0.004086,0.017054,0.004925,0.009948,0.005419,-0.003802,-0.000346
468,0.003021,0.00774,-0.007107,0.000585,-0.01189,-0.001745,0.005962,0.001833
469,0.002339,-0.003054,0.006081,-0.001447,0.016737,-0.001436,0.007024,0.002569
470,0.000826,0.007056,-0.002147,-0.001163,-0.007711,0.00443,-0.009923,0.000354
471,0.00147,-0.004645,0.00029,0.00095,0.008067,0.003001,0.002032,0.000634
472,0.003609,0.006733,0.008153,0.003223,-0.006791,0.004059,0.002793,-0.000165
473,-0.000993,-0.001725,-0.006908,0.003931,0.008115,-0.000925,0.008123,0.006935
474,0.00176,-0.001502,0.008277,0.005226,-0.0012,-0.001331,-0.003666,0.001558
475,0.000303,0.009358,-0.003739,0.000702,0.00134,0.004612,0.000336,0.00062
476,0.005041,-0.003894,0.00486,-0.003689,0.002615,0.001196,0.00235,0.001493
477,0.000564,0.004729,0.005849,-0.001364,0.003724,7.01E-05,0.000632,-0.000643
478,0.001882,-0.000107,-0.012413,0.003078,-0.000401,0.005303,0.002659,0.001098
479,0.000348,-0.002044,0.012894,0.005952,0.000452,0.002226,-0.008095,0.001448
480,0.002901,0.005963,-0.004428,0.002597,0.00094,0.005735,0.01345,0.006126
481,-0.001431,-0.001517,0.005468,-0.000727,0.001781,-0.00745,0.005523,0.001391
482,0.003418,0.004814,-0.001677,0.001911,0.002286,0.00279,-0.014811,-2.69E-06
483,0.001014,-0.002238,0.002197,0.001463,0.004747,-9.56E-05,0.014545,0.000499
484,0.006822,0.005924,0.006122,0.002988,0.000972,0.009434,-0.021875,0.003461
485,-0.004508,-0.001732,-0.006919,-0.0062,-0.001667,0.001625,0.036511,0.000995
486,0.003754,0.001469,0.006418,0.003201,-0.000189,0.003179,-0.000187,0.000937
487,-0.000885,1.74E-05,0.000527,0.006629,0.004493,-0.006222,-0.025103,0.003176
488,0.004921,0.005046,0.002115,0.00669,0.001842,0.001843,0.00523,0.00455
489,-0.000402,0.002493,0.001372,-0.004063,0.002011,0.002352,-0.006076,7.07E-05
490,0.001747,-0.002855,-0.002227,-0.001182,0.00142,0.007499,0.031628,-0.006122
491,0.003822,0.00516,0.006346,0.001001,0.003016,0.000368,-0.020459,0.006026
492,-1.83E-05,-0.001366,0.001159,0.00253,-0.001203,-0.003386,0.015313,0.007864
493,0.002101,0.003962,-0.001578,0.000702,-0.001145,0.00838,-0.008776,0.006389
494,-0.000735,-0.002401,0.003001,0.004421,0.004433,-0.006831,0.010824,-0.022788
495,0.001285,0.006808,-0.00079,0.00461,0.003353,0.019796,-0.020835,0.012374
496,0.006268,-0.003378,0.005705,-0.000776,0.001969,-0.0198,0.009094,0.013398
497,-0.000897,0.00446,-0.003707,-0.00147,-0.000309,0.015288,0.006172,0.008375
498,0.002249,0.001329,0.002955,0.000541,0.001433,-0.010772,0.015646,-0.017816
499,-0.000511,0.002547,0.004862,0.003166,0.001742,0.016541,-0.009168,-0.01063
500,0.004441,-0.00297,-0.000238,0.001206,0.000217,-0.008856,-0.000406,0.016771
501,-0.002412,0.006916,0.001484,0.005254,0.003987,0.007594,-0.005074,0.013018
502,0.00453,-0.001397,-0.00032,-0.001263,-0.000867,0.002031,0.00567,0.006312
503,0.002718,0.002903,-8.26E-05,0.002375,0.004088,-0.001539,0.001135,-0.020263
504,-0.001141,-0.000468,0.008534,-2.15E-05,0.001065,-5.21E-05,0.001231,0.010618
505,0.004973,0.004866,-0.006278,0.000198,0.002882,-0.004327,0.004684,3.80E-06
506,-0.002236,-0.001111,0.006784,0.004133,-0.002529,0.018809,0.002793,0.007974
507,0.002807,0.003479,0.000196,0.00063,0.00176,-0.000685,0.001476,-0.015137
508,0.003542,-0.000707,0.001858,0.003797,0.005601,-0.00157,-0.005127,0.014847
509,-0.00215,0.000814,-0.001791,-0.002425,-0.000644,-0.010721,-0.002422,0.00806
510,0.004152,0.003751,-0.000353,0.005207,0.006193,0.011629,0.004729,0.002349
511,0.00182,0.000798,0.008175,-0.001254,-0.016124,0.002246,0.006451,-0.014551
512,0.002564,0.0016,-0.000413,0.003081,0.015544,0.005176,0.00503,0.003862
513,-0.002613,0.001035,-0.000535,-0.002881,0.01734,-0.003115,-0.006473,0.007882
514,0.004146,0.003594,0.00233,0.007723,-0.028052,0.004826,0.004466,0.005305
515,0.002877,-0.001782,-0.002703,0.002288,0.027043,0.000661,0.001489,-0.005109
516,0.000374,0.002636,0.011734,-6.50E-05,-0.023723,-0.000207,3.37E-05,0.004427
517,0.001642,0.000588,-0.01179,-0.004807,0.015386,-0.001328,-0.002745,0.004654
518,0.000588,0.005332,0.013518,0.002768,0.001443,0.003737,0.003048,0.002315
519,0.003044,-0.003374,-0.008436,0.008552,-0.000242,0.007407,0.007689,-0.006024
520,0.002155,0.005664,0.012068,-0.000447,0.010172,0.00151,0.001876,0.002635
521,0.000692,-0.000937,-0.010567,-0.000387,-0.008822,0.000943,-0.001688,0.004822
522,0.001245,0.002323,0.008709,-0.00029,0.012614,-0.007566,-0.004089,0.006363
523,0.001804,-0.002377,-0.000168,0.005912,-0.017839,0.007053,0.003423,-0.001832
524,0.002534,0.006801,0.001645,-0.001569,0.013052,0.005738,0.001978,0.000883
525,0.000358,-0.000506,0.002986,0.000667,-0.003466,0.000227,0.00248,-2.87E-05
526,0.000426,0.003592,-0.004404,0.000377,0.012607,0.000926,-3.32E-05,0.002642
527,0.005406,-0.001223,0.008807,0.006369,-0.00567,0.00051,0.005849,0.000471
528,-0.001756,0.002564,-0.002086,0.003662,0.006005,0.00577,0.002364,0.002819
529,0.004124,0.003077,0.00163,-0.001711,-0.004269,0.000508,-0.004632,0.003627
530,-0.000248,9.65E-06,0.000122,-0.003246,0.002501,-0.003552,-0.000975,0.002693
531,0.002604,-0.000193,0.002986,0.004776,-0.001247,0.000922,0.001425,-0.001614
532,-0.00022,0.003924,0.002538,0.006011,0.004172,0.009291,0.008601,0.000442
533,0.002608,-0.00066,-0.001251,-0.003569,0.001885,0.00151,0.001644,0.004503
534,0.002245,0.007068,0.004689,0.00114,0.00707,0.004291,-0.000822,0.002409
535,0.002077,-0.004774,-0.002403,0.003811,0.000351,-0.008629,-0.001202,-0.001008
536,0.000722,0.003339,0.005725,0.006592,-0.002833,0.002018,0.0023,0.003765
537,0.000789,0.000883,-0.004255,-0.005692,-0.001562,0.007008,-0.000218,0.003591
538,0.001855,0.00362,0.006124,0.001194,0.003533,0.004732,-0.001602,-0.000339
539,0.002319,0.000828,0.001467,0.00067,0.004074,0.002397,0.004497,-0.001078
540,0.000818,-0.000387,0.001198,0.008235,0.000746,-0.005305,0.010766,0.003937
541,0.002482,0.003176,9.73E-05,0.000401,0.002009,0.004643,-0.004916,0.004249
542,0.001179,0.002671,0.001153,-0.001152,0.006079,-0.001217,-0.003151,-0.00421
543,0.002742,0.00124,0.001567,-0.002968,-0.005639,0.00826,-0.002925,0.005295
544,0.000467,-0.000717,0.00061,0.007597,0.003544,-0.005013,0.009504,0.001743
545,0.001183,0.001634,0.004924,0.006476,-0.002817,0.006731,0.003346,0.002038
546,0.001004,0.002839,-0.00054,-0.004643,0.005853,0.006479,-0.00195,-0.000377
547,0.003303,0.00223,0.004154,-0.001322,0.001961,-0.005824,0.000214,0.004335
548,0.001576,6.94E-05,-0.004846,0.003104,0.005081,0.001502,0.005706,0.000664
549,0.00157,0.001196,0.007495,0.008049,-0.001007,-0.003001,0.000301,-0.00063
550,0.001439,0.001015,-0.007466,-0.003861,-0.002038,0.011727,-0.004954,0.00341
551,0.001079,0.004427,0.011255,0.001316,0.003209,0.001139,0.001192,0.002862
552,0.001878,-0.000548,-0.004647,0.000629,0.00052,0.000331,0.008902,0.002807
553,0.000605,0.00016,0.008459,0.007827,0.003201,-0.003663,0.003329,-0.003291
554,0.002597,0.001683,-0.004339,-0.000818,0.000628,0.004802,-0.004536,0.007252
555,0.001653,0.004612,0.002456,-0.002854,0.003807,0.001981,-0.00044,-0.000349
556,0.002967,-4.10E-05,0.000774,-0.000965,0.001024,0.002518,0.002011,0.000148
557,0.000436,0.003074,-0.002554,0.010451,0.000268,-7.67E-05,0.004759,-0.001495
558,0.001342,-0.003168,0.009324,0.000236,-0.002507,0.002931,-0.0028,0.007275
559,0.000447,0.006074,-0.002677,0.001119,0.005305,0.006286,0.003235,0.003188
560,0.001735,-7.22E-05,0.006303,-0.002678,-0.000309,-0.002174,0.003649,-0.002125
561,0.002598,0.002148,-0.003639,0.007756,0.004111,-0.001279,0.001902,0.000894
562,0.003283,-0.000573,-0.001502,-0.003856,0.003037,0.001701,-0.002657,0.002505
563,0.001418,0.002801,0.008571,0.00124,-0.00492,0.003964,0.001648,0.006789
564,-3.58E-05,0.002925,-0.008058,0.002718,0.00824,0.006242,0.003197,-0.005904
565,0.00029,0.001383,0.0123,0.002945,-0.004501,-0.00234,0.000372,0.004849
566,0.002402,0.000425,-0.005645,0.01117,0.006287,0.001933,0.000356,0.000364
567,0.002087,-0.001827,0.007209,-0.010783,-0.003839,-0.000971,0.003268,0.007616
568,0.00219,0.006893,-0.00234,-0.001345,0.00662,0.006014,0.005558,-0.002103
569,0.002406,-0.000778,-5.66E-05,0.007834,0.000811,-0.002291,-0.00385,-0.000582
570,0.001669,0.003774,0.004515,0.001941,0.00014,0.00376,-0.002857,0.001591
571,0.000388,-0.001948,-0.001396,0.003892,0.001546,-0.000474,0.003201,0.004767
572,0.000697,0.002938,0.004878,-0.006641,0.000101,0.010223,0.0066,0.001615
573,0.000885,0.001531,-0.000291,0.007986,0.000953,-0.003352,0.000314,-0.00078
574,0.002781,0.001503,-0.00044,0.006045,0.007442,-0.000905,-0.00198,0.004559
575,0.003465,0.001697,0.009296,-0.002966,-0.008213,0.00029,0.003873,-0.000133
576,0.002404,-1.24E-05,-0.008824,-0.002815,0.010896,0.004495,-0.000908,0.001185
577,0.00034,0.005034,0.008894,-0.002338,-0.005896,0.003516,0.008711,-0.000773
578,-0.000438,-0.001833,-0.006,0.01432,0.008545,0.000654,-0.022955,0.00425
579,0.001441,0.003957,0.007269,-0.000887,-0.006238,0.002221,0.027345,0.004179
580,0.002556,-0.00252,0.000813,-0.003963,0.007134,0.002256,-0.00391,0.000163
581,0.002525,0.004574,-0.000501,0.005998,-0.001487,-0.001418,0.010425,0.002688
582,0.002289,0.002333,0.001735,0.000364,0.002056,0.001122,-0.001717,0.000334
583,0.001431,0.000953,0.008157,0.002615,0.005288,0.003217,-0.040517,0.002134
584,0.000707,0.0008,-0.008524,-0.00363,-0.007422,0.000683,0.075164,-0.001984
585,0.000754,-0.000745,0.007899,-0.000225,0.011422,0.006012,-0.071853,0.005216
586,0.001868,0.00466,-0.00605,0.012365,-0.007979,-0.00077,0.040168,0.003053
587,0.001715,4.02E-05,0.010198,-0.003125,0.012277,0.002343,-0.01838,0.001633
588,0.002399,0.002709,-0.003413,0.003282,-0.011012,-0.001215,0.038037,2.98E-05
589,0.002024,0.000871,0.004483,-0.002955,0.011887,0.003053,-0.018255,-0.001984
590,0.001926,0.00032,5.77E-05,0.004956,-0.007381,-0.000407,-0.009429,0.006291
591,0.001309,0.004743,-7.02E-05,0.001354,0.007151,0.004569,0.001885,0.000231
592,-7.02E-05,-0.002209,0.002654,-0.003934,0.001271,0.002354,0.006363,0.002553
593,0.001038,0.003719,-0.003353,0.00359,-0.000337,0.002527,0.001289,0.002537
594,0.002868,0.000235,0.006832,0.010671,0.003535,-0.000279,0.001577,0.003073
595,0.003849,0.003922,0.007408,-0.002591,-0.000704,0.002353,0.00833,-0.000394
596,2.46E-05,-0.000668,-0.009938,0.001393,0.000768,-0.001003,0.004988,-0.005025
597,0.00145,0.003051,0.006398,-0.00644,0.002743,0.004196,-0.006128,0.00898
598,0.001678,-0.000527,-0.000406,0.00694,0.001001,0.000892,-0.005075,-0.00097
599,0.000903,0.003716,0.006879,0.002498,0.002145,0.004424,-0.002121,0.00806
600,0.002222,0.000735,-0.004625,0.002667,0.0039,0.000127,0.010382,-0.001663
601,0.000283,0.00046,0.001617,-0.001462,-0.005355,0.001266,0.003702,0.000961
602,0.003305,0.003109,0.005261,0.003306,0.008951,0.001196,0.001983,0.000684
603,0.003316,-0.001626,0.003681,0.004578,-0.008105,0.001092,-0.00439,-0.000893
604,-0.000815,0.005678,-0.005143,0.000503,0.01031,0.002687,0.002686,0.005865
605,0.002248,-0.000173,0.000575,-0.005191,-0.003536,0.001754,-0.001073,-0.002006
606,0.000162,0.00127,0.00918,0.005901,0.007133,0.001387,-0.000264,0.00622
607,0.002762,0.000846,-9.75E-05,0.001508,-0.004106,0.002601,0.001278,7.70E-06
608,0.000707,0.003378,-0.004592,0.005593,0.004278,0.002977,0.007304,0.003878
609,0.004912,-0.000357,0.002727,-0.004091,-0.001407,-0.000516,0.005188,-0.002513
610,-0.000642,0.003359,0.006391,0.006218,0.006138,-0.000275,-0.001798,0.001335
611,0.001087,-0.000516,-0.001409,0.000404,-0.005086,0.003703,-0.003,0.002432
612,0.000585,0.00199,0.001111,0.001204,0.006124,0.004494,0.002051,0.004197
613,0.004948,0.004968,0.001073,-0.004814,0.006082,8.95E-05,0.003834,0.001003
614,-0.000937,-0.003975,0.00662,0.00554,-0.009315,-0.000374,-0.003086,0.002688
615,0.001585,0.00448,-0.007157,0.006525,0.012283,0.002802,0.007116,0.001546
616,0.002242,-0.000496,0.006497,0.000905,-0.009456,0.003665,0.001433,-0.000198
617,0.00278,0.002779,-0.001426,-0.002572,0.006242,0.000163,0.001207,0.000738
618,8.56E-05,0.001738,0.007512,0.000523,0.004183,-2.67E-05,-0.004912,0.001305
619,0.002524,0.000758,-0.004606,0.003481,-0.003496,0.001945,0.002408,0.003791
620,0.000928,0.004152,0.003833,0.004669,0.008633,0.005103,0.002462,0.005078
621,0.000238,-0.003003,0.001061,-0.001688,-0.005058,0.0019,0.001833,-0.002425
622,0.004204,0.007033,0.001693,0.000421,0.005051,-0.003313,-0.001352,0.005445
623,0.000105,-0.002381,-5.99E-05,0.004465,-0.005306,0.003012,0.004058,-0.007155
624,0.001892,0.001736,0.001921,0.002779,0.007106,0.004415,0.007212,0.009944
625,0.00438,0.001374,0.002634,0.0007,0.002022,0.003231,-0.004458,-0.011222
626,-0.003806,0.003599,0.001485,-0.004535,0.001818,-0.002098,-0.003055,0.024939
627,0.005818,0.001176,0.001683,0.003644,0.002172,0.000735,0.004881,-0.008074
628,-0.000285,0.000512,-0.000789,0.009036,-0.006569,0.002429,0.004631,-0.006877
629,0.002714,-0.000307,0.002036,0.000177,0.010566,0.004673,0.000559,0.003418
630,-0.001493,0.004538,0.00474,-0.001495,-0.006641,0.002352,-0.001541,0.002256
631,0.006481,0.000985,-0.003155,-0.005856,0.011281,-0.001721,0.005247,0.011521
632,-0.001209,-0.000624,0.002525,0.008837,-0.008363,0.002259,-8.54E-06,-0.011799
633,0.003096,0.004505,0.003666,0.001311,0.009918,0.000785,0.000293,0.016293
634,-0.001349,0.000193,0.001587,0.005559,-0.00497,0.004757,-0.005861,-0.006575
635,0.004891,0.002232,-0.000494,-0.002867,0.004871,-0.000177,0.004516,0.004035
636,-0.003176,0.001451,0.001156,0.005583,-0.001442,0.00171,0.005352,-0.007898
637,0.008381,8.37E-05,0.003129,-0.004465,0.002449,0.002864,0.005067,0.011936
638,-0.002564,0.001323,0.002287,0.004178,0.003781,0.003542,-0.00413,-0.002008
639,0.001908,0.001741,-0.004343,-0.004865,0.001235,-0.000844,-0.000653,0.00604
640,0.001619,0.004228,0.008156,0.009163,-0.000287,-0.002179,0.003353,-0.001884
641,0.003713,-0.000557,-0.000418,0.006498,0.002653,0.00574,0.001685,0.004283
642,-0.00144,0.001649,0.003188,-0.000438,-0.000969,0.003582,-0.001388,-0.004489
643,0.002262,0.000299,-0.005444,-0.006184,0.006014,0.003944,0.0041,0.005251
644,0.002575,0.002716,0.007661,-0.000841,-0.003129,-0.003611,0.009116,0.002287
645,0.000731,0.003362,-0.000154,0.007734,0.006442,1.09E-05,-0.002234,0.003183
646,0.002857,-0.001801,0.000595,0.004684,-0.003479,0.004067,-0.007615,-0.00224
647,0.000494,0.001952,0.000968,-0.004468,0.007039,0.004501,0.000729,0.004661
648,0.002512,0.003406,0.005663,0.006628,-0.004561,0.000138,0.009075,0.002197
649,-0.00047,0.002037,-0.002656,0.00082,0.004749,-8.32E-05,0.002206,0.001208
650,0.003109,-0.000219,0.001657,0.004074,-0.001243,0.003954,-0.002829,-0.00256
651,0.001898,0.00089,0.001962,-0.007254,0.005173,0.00322,-0.0009,0.004122
652,0.001606,0.002276,0.001359,-0.001209,0.002245,-0.000737,0.00686,0.004107
653,0.001174,0.002723,0.004078,0.010531,-0.000772,-0.003016,-0.001481,0.002121
654,0.001834,-0.000448,-0.005009,0.007367,-0.000545,0.005299,-0.002286,-0.002292
655,0.001985,0.004011,0.00846,-0.004243,0.003833,0.004761,-0.000339,0.002819
656,0.001442,-0.002793,-0.002071,-0.000598,0.000842,0.003288,0.007293,0.004933
657,0.000174,0.007724,0.002922,-0.00401,0.002606,-0.002106,0.007601,-0.001106
658,0.002771,-0.001735,-0.001376,0.009257,0.000745,0.001168,-0.005902,-0.001508
659,0.000318,0.000228,0.002898,-0.003774,0.004007,0.000482,7.14E-05,0.002985
660,0.005112,0.001559,0.001247,0.007812,-0.000348,0.003346,0.000249,0.008792
661,0.00054,0.003098,0.000679,0.000275,-0.002742,0.001132,0.002586,0.000104
662,-0.001631,0.002873,0.003594,0.004679,0.007944,0.003044,0.004785,-0.002961
663,0.003948,0.00056,-0.000414,-0.006587,-0.005124,0.005978,-0.001339,-6.05E-05
664,0.000132,0.001138,0.005659,0.002812,0.010446,-0.001486,0.00096,0.0047
665,0.004148,-0.00143,-0.005357,0.001303,-0.005582,-0.000741,0.001024,0.001544
666,-0.001825,0.006426,0.002454,0.004621,0.00602,-0.002414,0.001388,0.002184
667,0.00611,-0.002195,0.005118,0.005686,-0.003877,0.006248,0.003856,0.005988
668,-0.00118,0.003336,2.91E-05,-0.002118,0.004391,0.007479,-0.002588,-0.002253
669,0.003251,0.002474,0.003388,0.003952,0.000127,-0.000974,-0.001082,-0.000229
670,-0.002538,-0.001348,-0.000148,-0.008252,0.006889,0.000789,0.004413,0.002829
671,0.003303,0.005062,0.002444,0.005883,-0.005023,-0.003584,0.001407,0.002933
672,0.003985,-0.001196,-0.003793,0.002367,0.005386,0.005972,0.002962,-0.000195
673,0.000703,0.000738,0.005318,0.005704,0.000609,0.001761,0.005679,0.002988
674,0.001988,0.003043,0.000808,0.000731,0.002158,0.003298,-0.002759,0.005665
675,0.000914,0.00197,0.003268,0.000299,0.000626,-0.002621,-0.002297,-0.001812
676,0.001227,0.002748,0.002282,4.54E-05,-0.001445,0.00715,-0.002925,-0.000352
677,0.000818,-0.000159,-0.002521,0.000106,0.006323,-0.001028,0.010561,-0.001877
678,0.001,0.000119,0.003541,0.00016,0.001661,0.002983,0.002746,0.00875
679,0.003517,0.002487,0.001546,0.001266,0.001012,-0.00486,-0.00411,0.000376
680,0.003291,0.003216,0.000148,0.008153,-0.002257,0.008388,-0.000311,0.003967
681,-0.001409,-0.001467,0.001828,0.00367,0.005906,0.003892,0.008765,-0.001763
682,0.004552,0.004762,0.002527,0.003244,-0.001471,0.000465,-0.004204,0.003221
683,-0.002477,-0.000903,0.002479,-0.012496,0.002511,-0.002993,0.004072,0.000432
684,0.00273,0.004695,-0.001323,0.002571,0.002239,-0.000418,-0.007872,0.001481
685,0.003947,-0.002483,0.002892,0.003737,0.003472,0.0102,0.004935,0.000795
686,-0.00247,0.003049,0.000331,0.010538,0.001872,9.28E-05,0.005793,0.001361
687,0.007211,-4.17E-05,0.003215,-0.001667,-0.001903,0.000167,0.006998,0.007675
688,-0.001378,0.004902,-0.002614,0.001737,0.002968,-0.003074,-0.001786,-0.000972
689,0.004291,0.001764,0.002799,-0.000663,-0.000898,0.005737,-0.008613,-0.001938
690,-0.004824,-0.002609,0.004391,-6.18E-05,0.003826,0.004866,0.004932,0.000798
691,0.005955,0.005786,0.000501,-0.001904,0.003735,0.002538,0.003707,0.004419
692,0.000546,-0.002787,0.0019,-0.000621,0.002068,-0.005722,0.003151,0.003505
693,0.003573,0.004766,0.00023,0.011767,-0.000488,0.003653,-0.003164,-0.000313
694,-0.000483,2.33E-05,0.00145,0.001904,-0.002524,0.002634,0.005911,0.004712
695,0.004019,0.00226,-0.000636,0.003126,0.004982,0.006172,0.003501,0.000338
696,-0.000926,0.000317,0.003252,-0.0083,0.001439,-0.002143,-0.00145,0.001433
697,0.003104,0.003642,0.003018,0.003927,0.003685,0.002732,-0.007753,-0.001551
698,-0.000939,0.000946,0.001453,-0.001125,-0.000183,-0.000945,0.006596,0.002388
699,0.003695,-0.001728,0.001043,0.006611,0.002811,0.007325,0.004513,0.003747
700,0.001598,0.005861,-0.002554,0.000438,0.001822,-0.00034,0.002182,0.001111
701,0.002892,-0.002262,0.005222,0.003009,-0.003975,-0.005665,-0.001509,0.007492
702,0.000561,0.003892,-0.001517,0.004077,0.004848,0.009945,0.004323,-0.003937
703,0.000764,0.003292,0.004762,-0.003364,0.002747,0.000348,-0.001571,0.000447
704,0.001953,-0.00293,-0.001806,0.000736,0.005412,0.007874,-0.000222,0.001278
705,-0.000231,0.005161,0.005969,-0.004421,-0.002713,-0.011029,-0.003335,0.003972
706,0.003526,-0.000127,0.000379,0.010639,0.001588,0.007566,0.013166,0.001844
707,0.002981,0.002139,-0.003337,0.000871,-0.001078,-0.002425,-0.003522,0.002692
708,0.001008,-0.00138,0.007292,0.003736,0.005859,0.01246,0.003232,0.00187
709,0.00117,0.005473,-0.002948,-0.005826,-9.75E-05,-0.003928,-0.001827,0.000357
710,-2.93E-05,-0.001882,0.006972,0.005411,0.003003,-0.002517,0.000278,0.002524
711,0.002881,0.005083,-0.005548,-0.001704,0.000847,0.006095,0.00606,-0.001463
712,0.000863,0.000511,0.003186,0.004152,0.003312,0.00388,-0.004848,0.003993
713,0.003163,-0.002427,0.002625,0.001902,-0.000964,-0.001294,0.004801,0.000282
714,0.000455,0.007542,0.001577,0.003021,0.00097,-0.004944,5.90E-05,0.001153
715,0.002785,-0.001715,0.002082,-0.000511,0.003151,0.01142,0.004726,0.011865
716,0.001479,0.001036,0.001983,6.29E-05,0.001366,0.004717,-0.000402,-0.010522
717,0.00076,0.003405,0.000724,0.000723,0.003094,-0.001783,-0.002339,0.010715
718,0.00043,0.000445,0.000772,0.003429,0.001836,-0.004448,0.001989,-0.006299
719,0.002269,0.002193,-0.000615,0.000659,0.000495,-0.000481,0.005441,-0.001574
720,0.003467,0.001958,0.006354,0.003531,0.000779,0.009982,0.000868,0.014463
721,0.001262,-0.001021,-0.00186,0.000138,0.001327,0.00211,-0.00047,-0.008597
722,0.000698,0.003027,0.001673,0.00189,0.002834,0.002583,-0.002542,0.008417
723,0.001387,-0.000209,0.003288,-0.001519,0.000213,-0.004175,0.008761,-0.010466
724,0.001433,0.006762,9.86E-05,0.003481,0.005038,0.005374,0.000767,0.024711
725,0.001762,-0.005511,0.004953,-0.000784,-0.000994,0.000396,-0.00144,-0.016014
726,0.001627,0.006913,-0.005381,0.004971,0.005193,0.001943,-0.000661,0.003963
727,0.002202,0.000696,0.005766,-0.000817,-0.005134,-0.002139,0.002334,-0.006263
728,0.002213,-0.001104,-0.002218,0.003504,0.004154,0.007212,0.004587,0.02471
729,0.000325,0.006532,0.008514,0.001876,0.002639,0.004399,-0.002081,-0.014582
730,0.001365,-0.006934,-0.008176,0.001821,0.00598,3.89E-05,0.001491,0.004717
731,0.002369,0.011194,0.009075,-0.002381,-0.011476,-0.001537,0.002108,-0.004525
732,0.000821,-0.006602,-0.0003,8.24E-05,0.022651,-0.001893,0.003441,0.016363
733,0.001931,0.008733,-0.001931,0.003865,-0.020539,0.005227,-0.001631,-0.009424
734,0.002147,-0.005483,0.007225,0.003599,0.017169,0.009001,-0.000704,0.004201
735,0.002319,0.008457,-0.008556,0.003772,-0.007346,-0.005673,0.003248,-0.001756
736,-0.000343,-0.005309,0.012124,-0.002435,0.00556,0.004322,0.003181,0.01142
737,0.001649,0.002986,-0.008491,0.001129,0.0015,-0.001906,0.001635,-0.005159
738,0.001967,0.006574,0.009873,0.000755,-0.000942,0.009221,-0.000636,0.002679
739,0.00295,-0.004449,-0.004837,-0.000349,0.007814,-0.008568,0.002969,-0.002941
740,0.001984,0.007567,0.006865,0.003512,-0.005189,0.00857,0.000722,0.006924
741,-0.00129,-0.004759,-0.000398,0.003401,0.004727,-0.003506,0.000363,0.002107
742,0.002884,0.007071,-0.001351,0.004282,-0.001353,0.011814,-0.000268,0.004109
743,0.002301,-0.002003,0.010771,-0.001821,0.007747,-0.003407,0.003368,-0.003819
744,0.002082,0.000611,-0.014605,-0.000931,-0.003659,-0.000653,0.004802,0.002338
745,0.000564,0.002731,0.015762,0.001888,0.002442,0.001967,-0.000285,0.001734
746,0.002473,0.003587,-0.006681,0.002425,0.002725,-0.001318,-0.003381,0.008114
747,0.001394,-0.000889,0.005975,0.002988,0.001052,0.010203,0.001693,-0.005552
748,-0.000103,0.004311,0.003321,-0.000166,0.0041,-0.002996,0.005371,0.002494
749,0.002997,-0.003832,-0.007555,0.003715,-0.002812,0.005931,0.001693,0.002023
750,0.000477,0.005795,0.015431,0.001302,0.004776,-0.007038,-0.00201,0.006911
751,0.003773,0.00165,-0.015747,0.000701,0.002345,0.009075,-1.31E-05,-0.001492
752,0.000996,-0.001855,0.018709,-0.000542,-0.002168,-0.00109,0.007157,-0.000793
753,0.000998,0.004872,-0.010861,0.001132,0.003827,0.00249,0.00071,-3.26E-05
754,0.002621,-0.002161,0.007549,0.002563,0.000194,0.000186,-0.003086,0.006273
755,-0.000496,0.007972,-0.001219,0.004625,0.004943,0.004489,0.000572,-0.000613
756,0.001866,-0.003484,-0.001298,-0.001054,-0.001367,0.006227,0.006834,0.003238
757,0.002699,0.003623,0.008797,0.002371,0.004216,-0.005846,0.000569,0.004133
758,0.002526,-0.00297,-0.006608,-0.000492,-0.002253,-0.000102,-0.00247,0.000373
759,0.001373,0.006709,0.009541,0.002538,0.005047,0.002049,0.002274,-0.00289
760,0.000209,-0.001481,-0.004162,0.000517,-0.003033,0.009647,0.003863,0.001846
761,0.00137,0.004786,0.004654,0.001718,0.00452,-0.002056,0.000936,0.005442
762,0.001792,-0.001862,-0.002451,0.005393,0.005042,0.001817,-0.001949,0.003927
763,0.002892,0.00307,0.001958,-0.00083,-0.004194,-0.001399,0.002428,-0.000533
764,0.000323,0.001592,0.004723,0.00258,0.006261,0.008046,0.001533,0.00242
765,0.001515,0.001237,-0.000698,-0.001338,-0.001906,-0.005183,0.002814,-0.001759
766,0.004254,-0.000214,0.002551,0.00057,0.003407,0.001926,0.000381,0.002365
767,-0.001099,0.001593,-0.002757,0.004245,-0.001587,0.003529,0.00108,0.000132
768,0.0025,0.004657,0.007141,-0.000274,0.005008,0.009441,0.002493,0.010768
769,-0.000246,0.00044,-0.001126,0.007697,0.001243,-0.002766,0.00129,-0.002958
770,0.003251,0.000739,-0.002726,-0.004992,0.002208,-0.002764,-0.00145,-0.001463
771,0.001216,0.000464,0.007718,0.003999,-0.000668,0.001499,-1.83E-05,-0.000692
772,0.003346,0.003205,-0.002035,-0.00156,0.001385,0.003433,0.006947,0.006765
773,-6.59E-06,0.000877,0.004522,0.002955,0.002876,0.004123,0.002988,0.003587
774,0.002621,0.000829,-0.004599,0.00118,0.001208,0.002169,-0.003046,-0.002004
775,-0.00044,0.002095,0.009116,0.002151,0.001852,0.001724,-0.001406,0.003595
776,0.002772,0.001895,-0.005752,0.004948,0.000509,-0.001143,0.004606,0.002223
777,-0.000201,0.001733,0.007377,-0.000641,0.003186,0.002734,0.00337,0.001491
778,0.003781,0.001192,-0.002707,-0.000503,0.001277,0.000282,-0.002926,-0.004362
779,0.002796,0.001354,0.009587,0.003513,-0.000546,0.004022,-0.000709,0.00711
780,0.001118,-0.00052,-0.00455,0.001433,0.001765,0.000971,0.00849,0.003999
781,0.000169,0.003695,-0.005061,0.002332,0.002485,0.004004,0.003687,0.00296
782,0.000968,0.002408,0.011405,-0.003,0.003177,0.00162,-0.005196,-0.003876
783,0.001807,0.001945,-0.003745,0.006878,0.000618,-0.00143,-0.004409,0.001376
784,0.000974,-0.000652,0.005134,0.000764,-0.001009,-4.69E-05,0.007603,0.00188
785,0.004112,0.001652,-0.001525,0.001584,0.004697,0.003702,0.006072,0.005001
786,0.002679,0.001353,0.005229,-0.000406,6.88E-05,0.004847,-0.00436,-0.00039
787,0.000692,0.002856,-8.32E-05,0.000378,0.001854,0.002695,0.002247,0.003724
788,-0.001195,0.000457,-0.002772,0.004372,-0.000216,-0.00163,0.004608,0.000811
789,0.001248,0.003227,0.004775,-0.001538,0.00415,0.000234,0.000992,0.000965
790,0.002808,0.000352,0.001607,0.00532,0.001108,0.005027,-0.004597,0.001412
791,0.003188,0.00167,0.000353,0.000348,0.001576,0.001047,0.000616,0.002251
792,0.000298,0.001469,0.00531,0.00165,-0.001297,0.000195,0.006443,0.000153
793,0.002995,-0.000667,-0.004568,0.002958,0.0019,0.000937,0.00431,0.002945
794,0.001471,0.003946,0.009682,-0.002297,0.002054,0.005356,-0.003127,0.004276
795,0.000236,0.002189,-0.008451,0.003948,0.004886,0.002736,0.00144,0.003116
796,0.000916,0.002627,0.007688,0.001142,-0.000332,0.002888,0.001311,-0.003326
797,0.00112,-0.002169,-0.004618,0.00419,0.000223,-0.005827,0.002061,0.000331
798,0.002532,0.002378,0.007469,6.55E-05,0.000234,0.003626,-0.004441,0.003544
799,0.002745,0.002182,0.000342,-0.000687,0.00382,0.003081,0.007208,0.004927
800,0.002428,0.00088,0.001357,0.003716,-0.000357,0.00383,0.002573,-0.000337
801,0.000541,0.002545,2.39E-05,-0.000437,0.002183,0.000827,0.004335,0.0014
802,0.000934,-0.000628,0.003685,0.003496,0.002629,-0.00194,-0.00683,0.001863
803,0.000872,0.005364,1.87E-05,-0.001519,0.002557,0.004377,0.002909,0.002153
804,0.000717,-0.000561,-0.00642,0.006329,-1.63E-05,0.008556,0.002903,0.002502
805,0.003155,0.000155,0.006646,-0.001,-0.001857,-0.001889,0.001886,-0.007223
806,0.003586,0.00157,0.006684,0.002316,0.002534,-0.003622,-5.79E-05,0.009747
807,0.001031,0.002152,0.002165,0.001108,0.003448,-0.001189,0.001429,0.00735
808,-0.000597,0.002569,0.003719,0.000405,0.003461,0.007128,0.004741,0.004496
809,0.002254,0.000264,-0.001036,0.003286,-0.000661,0.007043,0.000933,-0.020264
810,0.001947,0.004198,-0.007151,-0.000386,-0.000452,-0.00298,-0.002881,0.003382
811,0.000829,-0.001969,0.002165,0.005197,0.002558,0.000136,0.000351,0.020928
812,0.001363,0.003688,-0.000729,0.001867,0.000996,0.000455,0.003618,0.005183
813,0.003507,-0.001033,0.006487,0.000623,0.001924,0.00439,0.003286,-0.006708
814,0.001699,0.003209,0.008471,-0.000422,0.000781,0.008201,0.000672,-0.023508
815,0.002312,0.002851,0.000947,-0.000887,0.004052,-0.012149,0.001452,0.02293
816,-0.001066,-0.001773,-0.000339,0.004578,0.000151,0.008518,0.000676,0.005244
817,0.00058,0.004619,-0.001812,-0.000661,0.002537,0.003842,-0.001249,0.007425
818,0.003142,0.000133,-0.000679,0.010586,-0.002857,0.005309,0.004009,-0.016011
819,0.002621,0.002803,0.005795,-0.008171,0.002866,-0.008523,-0.003564,0.012599
820,0.00317,-0.001903,-0.002405,0.007123,0.001163,0.004424,0.01142,0.002527
821,-0.000229,0.004645,0.004395,-0.00314,0.005194,0.007929,-0.000906,0.00271
822,0.00112,0.002098,6.81E-05,0.004258,0.002065,0.00149,-0.013168,-0.012451
823,0.001945,-0.001427,0.008692,-0.001066,-0.005005,-0.001057,0.021321,0.007356
824,-8.58E-05,0.003527,-0.008382,0.003382,0.008472,-0.003448,-0.009545,0.011905
825,0.003598,0.001563,0.009848,0.007351,-0.007034,0.00639,0.016022,0.004976
826,-3.39E-05,0.001239,-0.009405,-0.003767,0.008971,0.004313,-0.047099,-0.010162
827,0.005954,0.000583,0.011574,0.001746,-0.005402,0.000494,0.051571,-0.000243
828,-0.001772,0.003031,-0.011072,-0.001228,0.008873,-0.003923,-0.021542,0.007849
829,0.001639,-0.001899,0.011986,0.007519,-0.001262,0.005227,0.028259,0.002671
830,0.001458,0.004715,0.002271,-0.002229,0.002689,0.005499,-0.024118,-0.0054
831,0.001272,0.00049,-0.000516,0.001799,-0.003753,-0.000274,-0.001444,0.002243
832,0.001854,0.001944,0.000253,0.001859,0.005136,-0.003142,0.005486,0.010864
833,0.002481,0.002841,-0.002618,0.003036,-0.000149,0.002399,0.009139,0.002532
834,0.00282,-0.002596,0.00796,0.001244,0.003738,0.009342,-0.000346,-0.007015
835,-8.26E-05,0.005907,-0.006015,-0.000494,-3.52E-05,0.00266,-0.004255,0.000864
836,0.000506,0.001477,0.004305,0.003207,0.003437,-0.005953,0.011833,0.004394
837,0.002577,-0.004432,0.007207,0.001148,-0.002741,3.30E-05,-0.00055,0.004551
838,0.001724,0.007934,2.78E-05,0.000874,0.00554,0.005887,-0.003093,-0.00087
839,7.59E-05,-0.00214,-0.000783,0.002535,-0.00119,0.004131,-0.014071,0.004393
840,0.006409,0.006032,-0.004672,0.001753,0.002099,-8.54E-06,0.018779,0.002719
841,-0.00395,-0.004244,0.008637,0.002612,0.001512,0.000601,0.003797,-0.000783
842,0.005413,0.003605,-0.001908,-0.00113,0.00113,0.00198,-0.002802,-0.002234
843,-0.000959,0.000959,0.002175,0.004783,0.00382,0.004874,-0.00173,0.003143
844,0.003855,0.003692,0.001216,-0.003554,-0.00364,-0.003106,0.002173,0.005422
845,-0.001861,-0.000447,0.005802,0.007784,0.005639,0.001686,0.001587,-0.000153
846,0.004275,0.003251,-0.000938,-0.00173,-0.000516,0.003434,-0.003528,0.000908
847,0.0016,-0.001454,-0.000381,0.003031,0.003011,0.004616,0.00672,0.003448
848,0.001997,0.007391,0.000483,-0.0006,0.003103,0.002187,9.02E-05,0.002702
849,0.000484,-0.003663,0.006451,0.00142,-0.006958,-0.002578,0.008517,-0.001806
850,0.001491,0.002217,-0.003227,0.003709,0.01029,-0.000288,-0.005934,0.000253
851,0.000191,0.000638,0.002319,0.000438,-0.001512,0.00445,0.001044,0.004991
852,0.007,0.004007,0.005583,0.003281,0.000589,0.006126,0.005,0.003353
853,-0.002909,0.000951,-0.001699,0.000124,0.002832,-0.001027,-0.003457,0.000171
854,0.002801,0.001397,0.003458,0.002297,0.002292,0.00092,0.003089,0.002088
855,0.000493,0.00109,-0.002251,-0.000831,-0.001248,-0.000443,0.002183,0.001275
856,0.004132,-0.000452,0.004171,0.003685,0.002519,0.003991,0.003437,0.001826
857,-9.56E-05,0.006364,-0.001031,0.001,0.002293,0.003096,-0.001308,0.000214
858,0.002175,-0.005102,0.004292,0.00324,-0.001599,-0.000266,-0.000132,0.000616
859,0.001002,0.008914,0.000543,0.000495,0.005059,0.001281,-9.57E-08,0.006243
860,0.002229,-0.005684,0.002264,0.000514,0.005292,0.005008,0.00306,-0.001298
861,0.00109,0.007091,0.000606,0.000694,-0.010318,0.001287,0.001672,0.003811
862,0.002269,0.001372,0.000384,0.006228,0.013681,-0.001078,0.000959,-0.001145
863,7.05E-06,-0.001435,-0.000528,0.001071,-0.010231,-0.001045,-8.65E-05,0.003468
864,0.002881,0.001589,0.00516,0.000596,0.012682,0.004784,0.005193,-0.003242
865,0.002815,0.002972,-0.000435,-0.003884,-0.007598,0.004621,-0.000316,0.005883
866,0.000687,0.001212,0.003143,0.000288,0.009522,0.003256,0.000192,0.003475
867,0.001496,0.002203,-0.000927,0.007838,-0.004662,-0.003376,0.003396,0.003166
868,5.58E-05,0.000705,0.003513,0.005951,0.003253,0.001772,-0.000874,-0.00424
869,0.00312,-0.000972,-0.000905,-0.000322,0.003352,0.002482,0.002284,0.004934
870,0.001125,0.006958,0.00248,0.000224,-0.002002,0.003344,-0.000392,0.001495
871,0.003355,-0.00085,0.001309,-0.002788,0.004343,0.000315,0.007239,0.000106
872,-0.000264,-0.001219,0.001424,0.002024,-0.001698,0.002115,-0.005216,-0.000316
873,0.003255,0.002431,0.00225,0.000642,0.008329,0.004523,-0.001048,0.007981
874,-0.001289,0.003494,-0.001233,0.003406,-0.00495,0.001097,0.007178,0.004156
875,0.004193,0.003003,0.005202,0.00679,0.003788,-0.00191,0.003004,-0.004678
876,0.000394,-0.002939,-0.000559,0.002591,-0.002994,0.000803,-0.002422,-0.001902
877,0.002612,0.005932,0.001658,-0.002019,0.010205,0.004114,-0.00626,0.003212
878,0.001066,-0.004024,-0.000281,-0.001899,-0.006962,0.004202,0.006206,0.008234
879,0.002485,0.008791,0.003403,0.000981,0.007071,0.003,0.009289,-0.000839
880,0.001493,-0.006824,0.000722,0.004966,3.76E-05,-0.003602,-0.00052,0.000824
881,0.000486,0.007013,0.000748,0.000179,0.000814,0.003311,-0.002665,0.000899
882,0.001307,0.002387,0.006137,0.006109,0.002831,0.001768,-0.000368,0.002792
883,0.002129,-0.00286,-0.004261,-0.001381,-0.004358,0.004387,0.004628,9.99E-05
884,0.003606,0.006957,0.008181,0.004397,0.009448,-0.002307,-0.002392,0.000738
885,0.00075,-0.003799,-0.007154,-0.003988,-0.00421,0.003214,0.003351,0.004586
886,0.000517,0.004763,0.005646,0.002554,0.00725,0.003683,0.005588,0.003036
887,0.002342,-0.002812,0.003502,-4.04E-05,-0.001822,0.001591,0.001557,0.002636
888,0.001,0.006778,0.000885,0.006546,0.000951,-0.002293,-0.003797,-0.001765
889,0.001644,0.001326,0.002621,-0.000735,0.000322,0.003787,-0.003469,0.002341
890,0.000898,-0.001814,-0.00325,0.006503,0.004113,0.004669,0.00724,0.000636
891,0.003764,0.004124,0.005479,-0.003997,0.000531,0.000437,0.000598,0.002799
892,0.001267,-0.002351,-0.004704,0.003443,0.003342,0.001231,0.001741,-0.000124
893,0.001595,0.008006,0.007111,-0.002594,-0.002622,-0.003937,-0.001147,0.001621
894,0.000518,-0.004734,0.000701,0.00281,0.010112,0.006841,0.007453,0.004743
895,0.000892,0.004392,0.001502,0.004248,-0.009106,0.002433,-0.000242,-3.26E-05
896,0.002617,0.002254,0.003752,0.005419,0.008739,0.003577,-0.007089,0.002352
897,0.001169,0.001236,-0.007557,-0.000264,-0.006285,-0.001197,0.003023,-0.000313
898,0.003057,0.000578,0.011092,-0.001461,0.009124,2.39E-05,0.007667,0.004031
899,0.003275,0.000792,-0.007071,-0.000975,0.001546,0.003399,0.005128,-0.000581
900,-0.000821,0.001266,0.0086,0.002467,-0.002924,0.000879,-0.005173,0.002847
901,0.000798,0.005051,-0.003073,0.002695,0.007975,0.005586,-0.001923,0.0028
902,3.30E-05,0.000338,0.00542,0.003338,-0.007511,-0.004397,0.004596,0.002526
903,0.005058,-0.002199,0.000538,0.002082,0.008527,0.007266,0.005201,-0.001846
904,-0.000122,0.006203,-0.004017,0.004186,-0.003539,-0.000398,-0.003335,0.003833
905,0.003826,-0.003997,0.006058,-0.003658,0.007857,0.00405,-0.003318,0.001545
906,0.000296,0.008646,-0.000466,0.000986,-0.001803,-0.002009,0.007636,0.002289
907,0.0034,-0.004916,0.001612,-0.000928,-0.000201,0.00098,0.002187,-0.001747
908,-0.001912,0.006067,0.001313,0.00501,0.009218,0.002686,0.002571,0.002853
909,0.002427,-0.00241,-0.000896,0.003695,-0.011779,0.006069,-0.007668,0.004624
910,0.000822,0.005682,0.008754,0.00358,0.008247,-0.000621,0.00465,0.003134
911,0.002549,-0.002622,-0.003785,-0.001265,0.006129,0.000518,0.004639,-0.003572
912,0.006398,0.004337,0.002184,7.39E-05,-0.004106,0.000953,-0.000376,0.003817
913,-0.001263,0.000308,0.001487,0.000348,0.000968,0.005106,0.00304,0.000208
914,6.36E-05,0.002794,0.000736,0.001305,0.007968,-0.000429,-0.011041,0.007554
915,0.000291,0.001307,0.003294,0.002829,-0.006183,-0.000881,0.027588,-0.005676
916,0.002482,-0.000859,-0.001921,0.001766,0.005171,0.000867,-0.001163,0.005729
917,0.002077,0.004343,0.009258,0.002365,0.000903,0.00953,-0.0224,0.000866
918,0.002299,0.000284,-0.006955,0.00314,0.005516,-0.00055,0.015964,0.004348
919,0.002943,0.002336,0.005572,0.000381,-0.00322,-0.000268,-0.04547,-0.000546
920,0.000964,0.000964,-0.002661,-0.002513,0.004069,-0.002887,0.083566,0.001526
921,0.000705,-9.10E-05,0.003872,0.00294,0.000401,0.006357,-0.045417,0.002513
922,0.000172,0.001928,0.0048,-0.000483,0.000445,0.00158,0.051372,-0.0008
923,0.001523,0.002128,-0.002935,0.006851,0.001768,0.004954,-0.078439,0.003831
924,0.002735,0.0025,0.006418,0.001865,0.002654,-0.007118,0.037188,0.000512
925,0.003587,0.002315,-0.00408,0.000596,0.004726,0.009947,-0.025622,0.004027
926,0.001351,-0.001301,0.005449,-0.002016,6.40E-06,-0.001866,0.048533,-0.000333
927,0.001349,0.003318,-0.003068,0.001108,-0.002299,0.005499,-0.015761,0.001756
928,0.000293,0.008703,0.004387,0.001704,0.004142,-0.005181,0.019808,0.002447
929,-0.000563,-0.018821,0.00441,0.002076,0.001073,0.004124,-0.024285,0.000864
930,0.00224,0.027105,-0.007444,0.00369,0.002829,0.006475,0.003757,0.003402
931,0.005541,-0.021841,0.013514,0.003008,9.80E-05,-0.000786,-0.008549,-0.000354
932,0.000393,0.013665,-0.009923,-0.00128,0.006058,-0.001987,0.009866,0.003623
933,0.001932,0.004702,0.010114,0.001166,-0.002268,0.001543,0.001467,0.000897
934,0.00114,-0.007221,-0.005978,-0.001223,-0.000255,0.009043,0.015358,-2.54E-05
935,-0.001685,0.009546,0.003537,0.004901,0.006106,-0.000124,0.002887,0.006216
936,0.004455,-0.005167,0.003886,-0.00205,-0.005597,-0.002954,-0.005429,-0.003344
937,7.20E-05,0.004356,-0.003537,0.005734,0.010946,-0.000439,-0.013648,0.001947
938,0.004428,0.000701,0.007182,0.001993,-0.002714,0.007184,-6.31E-05,0.004432
939,-0.000254,-0.002452,-0.004808,0.00052,0.003076,0.004439,0.00842,-0.001007
940,0.004786,0.009402,0.011447,-0.001137,-0.002755,-0.001097,0.006958,0.004877
941,-0.002334,-0.007839,-0.00854,0.00065,0.005437,-0.003026,0.002675,-0.000764
942,0.002093,0.012233,0.002313,0.002925,-0.003541,0.004689,0.00382,0.007497
943,0.000116,-0.00184,0.006291,0.000353,0.010001,0.004105,-0.000991,-0.007279
944,0.003602,-0.001419,-0.00334,0.002695,-0.004484,0.002879,-0.006159,0.006874
945,0.004954,0.008064,0.00779,0.002276,0.005011,-0.003232,-0.003859,-0.004128
946,-0.00314,-0.007069,-0.006439,0.002261,0.000258,0.000966,0.005744,0.013417
947,0.004495,0.011649,0.009687,0.002968,0.000529,0.006432,0.009798,-0.007116
948,-0.002223,-0.01044,-0.006117,-0.003469,0.001682,0.00299,0.006048,0.001652
949,0.0052,0.010615,0.005161,0.000313,0.001,-0.003484,-0.004786,0.005885
950,-0.00133,-0.000798,0.001047,0.000306,0.004138,-6.63E-05,-0.001765,-0.000203
951,0.003258,0.004576,-0.000154,0.005891,0.002525,0.007377,-0.00034,0.000234
952,0.004217,-0.00505,0.00933,0.006547,0.00021,0.004506,0.00353,-0.00163
953,-0.001803,0.004115,-0.013167,-0.002467,-0.002808,-0.004142,-0.003968,0.01123
954,0.003328,-0.000149,0.01501,-0.001806,0.006729,0.000128,0.00564,-0.000437
955,-1.89E-05,0.004143,-0.006101,0.000193,-0.001453,0.003375,0.003781,-0.00152
956,0.00208,-0.002923,0.005715,0.003579,0.005281,0.006442,0.007762,0.000222
957,0.00075,0.005357,-0.000225,-0.000957,-0.001339,-0.000617,-0.007577,0.001286
958,0.003144,0.000972,-0.000627,0.00276,0.00348,5.77E-05,-0.004161,0.006398
959,0.003589,1.20E-06,0.00622,0.005956,0.00078,0.001922,0.00343,-0.004088
960,-0.002335,0.004424,-0.0061,-0.000114,-0.00027,0.000619,0.003715,0.005743
961,0.003711,-0.002103,0.012119,0.001272,0.00435,0.002906,0.002101,0.001519
962,-0.000914,0.001945,-0.009159,-0.004979,-0.000683,0.003563,0.015299,9.60E-05
963,0.003967,0.003403,0.006708,0.007293,0.005249,0.001496,-0.019142,0.004153
964,0.002279,0.000825,0.001548,-0.001398,-0.000683,-0.001549,0.008828,-0.000575
965,0.000448,0.005191,-0.002605,0.003158,0.002881,0.005501,0.002667,0.00448
966,0.001528,-0.002966,0.006368,0.00159,-0.001343,-0.000394,-0.001753,-0.003072
967,-9.04E-05,0.001096,-0.002518,0.002709,0.003915,0.000663,0.003559,0.004782
968,0.005105,0.001472,0.006101,0.000695,-0.000313,0.001659,-0.003436,-0.000429
969,0.001412,0.005309,-0.00489,-0.000974,0.003831,0.003778,0.011722,0.006444
970,-0.002263,-0.005759,0.004341,0.001982,-0.00037,0.004743,-0.009277,-0.000729
971,0.004875,0.011224,0.002158,-1.76E-05,0.00493,-0.000174,0.007456,-0.001454
972,0.000163,-0.005861,-0.000625,0.003492,-0.001353,-0.003096,-0.005667,0.002428
973,0.003885,0.003224,0.004947,0.002326,0.001787,0.003256,0.008813,0.004764
974,-0.003328,0.004862,-0.002276,0.001138,0.000546,0.003828,-0.006223,-0.000151
975,0.006548,-0.004833,0.003963,0.002406,0.002844,0.000568,0.008522,0.003594
976,-0.00047,0.008644,0.001213,-0.002279,0.001994,0.002242,-0.001738,-0.000741
977,0.002215,-0.003485,-0.00317,0.002617,0.002306,0.00415,0.005761,0.005161
978,0.002564,0.007368,0.007651,0.000779,0.001216,0.003298,-0.005864,-0.00252
979,-0.002573,-0.00217,-0.003248,0.004528,0.00072,-0.002493,0.006698,0.002738
980,0.004548,0.000221,0.006284,0.002067,0.000712,-0.002592,-0.000692,0.000618
981,0.003605,0.004705,-0.001323,-0.001255,0.003594,0.004527,0.003188,0.007983
982,-0.001734,-0.00216,0.001611,0.000258,0.000836,0.005557,7.14E-05,0.001616
983,0.003561,0.005991,0.002567,0.002139,0.002105,0.003528,-0.001553,-0.002225
984,-1.70E-05,0.000604,-0.000302,0.001422,0.000447,0.00012,0.00635,-0.003789
985,0.003258,-0.006858,0.001373,0.002336,0.003204,-1.76E-05,0.00092,0.00378
986,-0.001261,0.013168,0.00285,-0.000246,0.000295,-0.000469,-0.002208,0.00985
987,0.005402,-0.007242,-0.000385,0.005977,0.000855,0.002596,-0.000572,-0.002572
988,-0.000644,0.007466,0.003884,-0.002588,0.002345,0.001387,0.004226,0.00446
989,0.002451,-0.005611,0.000975,0.000755,0.00162,0.004103,0.00539,-0.006009
990,0.000429,0.00928,0.004552,6.16E-05,0.002824,0.001555,-0.006428,0.008682
991,0.001192,-0.004758,-0.009099,0.006692,0.000884,0.005434,0.005699,-0.004091
992,0.005427,0.007077,0.014423,-0.001546,0.000982,-0.002568,-0.000651,0.004295
993,-0.002932,-0.003445,-0.007244,0.001467,0.001732,-0.000297,0.006386,0.000864
994,0.004335,0.002086,0.004073,-0.000201,0.001722,0.00127,-0.000989,0.006347
995,-0.001906,0.006587,0.000914,0.004604,0.001835,0.002728,-0.002264,0.002302
996,0.007263,-0.002143,0.003105,0.001904,0.001194,0.005862,0.001769,-0.002066
997,-0.003174,0.000321,0.000728,-0.000418,0.002653,0.001815,0.007954,0.000125
998,0.003891,0.002604,0.002262,0.000195,0.002019,-0.000316,-0.003524,-0.000554
999,9.93E-05,0.000416,-0.001883,0.000149,0.00018,-0.001015,0.000253,0.008537
1000,0.003307,0.004665,0.007591,0.002903,7.27E-05,0.004065,0.001873,-0.002417
1001,-1.39E-06,-0.004076,-0.010819,0.005501,0.002126,0.002239,0.004506,0.00567
1002,0.001359,0.008843,0.011249,-0.00209,0.001859,0.000829,-0.002978,-0.000789
1003,0.002332,-0.007884,-0.000697,0.003576,0.00431,-0.000535,1.68E-05,0.00196
1004,0.003815,0.012363,0.009731,-0.00135,-0.000455,0.005744,0.003146,-0.003039
1005,-0.000124,-0.008356,-0.007822,0.003124,0.000918,0.002904,0.005025,0.005547
1006,0.000456,0.008322,-0.00449,-0.00244,0.001202,0.001328,-0.001073,0.000951
1007,0.000396,-5.53E-05,0.015449,0.004012,0.001357,-0.004316,-0.002629,0.002223
1008,0.004276,-0.000705,-0.026958,0.003945,0.000918,0.002912,0.003114,0.005473
1009,-0.00014,0.007516,0.044042,0.001365,0.003631,0.000536,0.007365,0.000252
1010,0.00452,-0.003576,-0.0273,4.93E-05,0.002378,0.012919,0.00265,0.001627
1011,-0.00045,0.00516,0.020207,3.15E-06,0.001452,-0.004254,-0.010542,-0.005952
1012,0.002693,-0.004399,-0.014017,0.00296,-0.000939,-0.000101,0.006696,0.008013
1013,-0.001892,0.008481,0.008713,0.003299,-0.000924,-0.002727,0.003099,0.001544
1014,0.003716,-0.00256,-0.019212,-0.006893,0.004393,0.007801,0.009786,0.006315
1015,0.000758,0.001733,0.028687,0.006505,0.004085,0.000418,-0.014913,-0.00339
1016,0.003186,0.003083,-0.0134,0.005357,0.000382,-0.000209,0.008568,0.00199
1017,0.002461,-0.001434,0.017583,0.006175,-0.000459,0.006131,0.000964,0.000316
1018,0.000355,0.006113,-0.017008,-0.005288,0.001398,0.003889,0.00962,0.003803
1019,0.001864,-0.004916,0.017473,-0.004199,0.001543,4.80E-05,-0.015399,0.00025
1020,0.00018,0.003934,-0.01331,0.003857,0.001914,-0.008606,0.005899,0.001556
1021,0.001674,0.002627,0.007666,0.003009,0.001215,0.003724,0.010081,0.003133
1022,0.000472,0.002623,-0.003347,0.005251,0.003402,0.009143,0.003462,0.003994
1023,0.005547,0.000595,0.014417,-0.001879,0.001396,0.007092,-0.009829,0.000134
1024,0.001158,-0.000624,-0.0063,0.007213,-4.17E-05,-0.008014,-0.001213,-0.002952
